,id,topic
0,0,7
1,1,5
2,2,0
3,3,17
4,4,19
5,5,13
6,6,15
7,7,15
8,8,5
9,9,1
10,10,2
11,11,5
12,12,17
13,13,8
14,14,0
15,15,2
16,16,4
17,17,1
18,18,6
19,19,16
20,20,1
21,21,6
22,22,17
23,23,14
24,24,3
25,25,13
26,26,11
27,27,7
28,28,7
29,29,3
30,30,5
31,31,5
32,32,4
33,33,3
34,34,14
35,35,1
36,36,9
37,37,4
38,38,6
39,39,1
40,40,17
41,41,2
42,42,8
43,43,1
44,44,11
45,45,1
46,46,14
47,47,3
48,48,11
49,49,0
50,50,8
51,51,8
52,52,13
53,53,9
54,54,1
55,55,2
56,56,10
57,57,17
58,58,16
59,59,14
60,60,8
61,61,10
62,62,17
63,63,19
64,64,2
65,65,18
66,66,18
67,67,13
68,68,0
69,69,9
70,70,8
71,71,18
72,72,10
73,73,19
74,74,3
75,75,7
76,76,18
77,77,7
78,78,18
79,79,9
80,80,6
81,81,18
82,82,17
83,83,4
84,84,12
85,85,10
86,86,16
87,87,15
88,88,8
89,89,4
90,90,14
91,91,9
92,92,16
93,93,15
94,94,16
95,95,0
96,96,9
97,97,3
98,98,3
99,99,16
100,100,2
101,101,10
102,102,14
103,103,15
104,104,3
105,105,16
106,106,10
107,107,4
108,108,14
109,109,12
110,110,8
111,111,3
112,112,17
113,113,3
114,114,8
115,115,14
116,116,9
117,117,5
118,118,9
119,119,17
120,120,12
121,121,4
122,122,4
123,123,5
124,124,9
125,125,13
126,126,18
127,127,8
128,128,3
129,129,1
130,130,16
131,131,11
132,132,6
133,133,13
134,134,10
135,135,5
136,136,5
137,137,1
138,138,3
139,139,12
140,140,10
141,141,14
142,142,7
143,143,7
144,144,10
145,145,5
146,146,10
147,147,12
148,148,0
149,149,13
150,150,14
151,151,4
152,152,15
153,153,4
154,154,6
155,155,14
156,156,18
157,157,2
158,158,10
159,159,4
160,160,11
161,161,17
162,162,9
163,163,5
164,164,3
165,165,8
166,166,2
167,167,16
168,168,6
169,169,7
170,170,1
171,171,7
172,172,7
173,173,8
174,174,4
175,175,12
176,176,10
177,177,0
178,178,10
179,179,18
180,180,4
181,181,9
182,182,5
183,183,0
184,184,3
185,185,16
186,186,8
187,187,4
188,188,0
189,189,12
190,190,18
191,191,11
192,192,13
193,193,18
194,194,3
195,195,15
196,196,16
197,197,13
198,198,3
199,199,19
200,200,15
201,201,7
202,202,4
203,203,6
204,204,15
205,205,12
206,206,9
207,207,1
208,208,16
209,209,15
210,210,2
211,211,14
212,212,14
213,213,0
214,214,16
215,215,2
216,216,1
217,217,10
218,218,2
219,219,0
220,220,7
221,221,16
222,222,12
223,223,2
224,224,14
225,225,2
226,226,7
227,227,2
228,228,5
229,229,7
230,230,17
231,231,2
232,232,4
233,233,17
234,234,15
235,235,4
236,236,15
237,237,9
238,238,0
239,239,7
240,240,3
241,241,7
242,242,8
243,243,10
244,244,14
245,245,12
246,246,14
247,247,12
248,248,11
249,249,8
250,250,15
251,251,6
252,252,4
253,253,11
254,254,6
255,255,17
256,256,7
257,257,8
258,258,10
259,259,11
260,260,4
261,261,1
262,262,5
263,263,8
264,264,1
265,265,12
266,266,18
267,267,2
268,268,13
269,269,12
270,270,8
271,271,16
272,272,18
273,273,8
274,274,4
275,275,15
276,276,5
277,277,3
278,278,11
279,279,3
280,280,15
281,281,10
282,282,3
283,283,2
284,284,14
285,285,13
286,286,17
287,287,19
288,288,6
289,289,18
290,290,6
291,291,3
292,292,15
293,293,7
294,294,15
295,295,10
296,296,8
297,297,4
298,298,9
299,299,13
300,300,10
301,301,0
302,302,15
303,303,6
304,304,19
305,305,5
306,306,16
307,307,7
308,308,17
309,309,16
310,310,10
311,311,6
312,312,4
313,313,10
314,314,5
315,315,4
316,316,0
317,317,8
318,318,9
319,319,2
320,320,15
321,321,13
322,322,4
323,323,8
324,324,5
325,325,18
326,326,18
327,327,12
328,328,0
329,329,14
330,330,19
331,331,10
332,332,4
333,333,14
334,334,15
335,335,3
336,336,16
337,337,11
338,338,14
339,339,13
340,340,3
341,341,10
342,342,13
343,343,7
344,344,13
345,345,18
346,346,6
347,347,15
348,348,10
349,349,4
350,350,12
351,351,18
352,352,5
353,353,11
354,354,3
355,355,7
356,356,8
357,357,18
358,358,5
359,359,15
360,360,8
361,361,14
362,362,7
363,363,10
364,364,5
365,365,0
366,366,1
367,367,4
368,368,0
369,369,6
370,370,18
371,371,8
372,372,4
373,373,11
374,374,2
375,375,14
376,376,6
377,377,17
378,378,9
379,379,10
380,380,12
381,381,12
382,382,13
383,383,7
384,384,6
385,385,18
386,386,15
387,387,4
388,388,7
389,389,11
390,390,7
391,391,11
392,392,4
393,393,14
394,394,9
395,395,8
396,396,12
397,397,3
398,398,12
399,399,4
400,400,0
401,401,18
402,402,2
403,403,16
404,404,3
405,405,8
406,406,12
407,407,2
408,408,3
409,409,9
410,410,5
411,411,7
412,412,19
413,413,13
414,414,12
415,415,11
416,416,15
417,417,6
418,418,10
419,419,11
420,420,19
421,421,9
422,422,3
423,423,1
424,424,1
425,425,0
426,426,5
427,427,3
428,428,8
429,429,18
430,430,2
431,431,8
432,432,13
433,433,19
434,434,3
435,435,5
436,436,3
437,437,14
438,438,17
439,439,9
440,440,15
441,441,18
442,442,9
443,443,4
444,444,4
445,445,14
446,446,1
447,447,18
448,448,11
449,449,7
450,450,12
451,451,19
452,452,2
453,453,1
454,454,9
455,455,15
456,456,3
457,457,19
458,458,11
459,459,8
460,460,15
461,461,14
462,462,11
463,463,5
464,464,19
465,465,16
466,466,0
467,467,9
468,468,14
469,469,17
470,470,0
471,471,18
472,472,8
473,473,6
474,474,15
475,475,13
476,476,12
477,477,13
478,478,7
479,479,9
480,480,14
481,481,2
482,482,16
483,483,6
484,484,1
485,485,5
486,486,2
487,487,12
488,488,9
489,489,3
490,490,4
491,491,6
492,492,2
493,493,8
494,494,13
495,495,3
496,496,13
497,497,19
498,498,15
499,499,8
500,500,9
501,501,18
502,502,9
503,503,19
504,504,19
505,505,8
506,506,7
507,507,14
508,508,15
509,509,6
510,510,14
511,511,9
512,512,0
513,513,18
514,514,9
515,515,2
516,516,12
517,517,17
518,518,8
519,519,5
520,520,10
521,521,10
522,522,19
523,523,5
524,524,8
525,525,16
526,526,17
527,527,14
528,528,13
529,529,10
530,530,19
531,531,1
532,532,16
533,533,13
534,534,7
535,535,9
536,536,11
537,537,9
538,538,3
539,539,4
540,540,5
541,541,10
542,542,17
543,543,3
544,544,13
545,545,3
546,546,17
547,547,13
548,548,16
549,549,8
550,550,4
551,551,4
552,552,16
553,553,11
554,554,10
555,555,11
556,556,4
557,557,0
558,558,10
559,559,15
560,560,8
561,561,0
562,562,12
563,563,14
564,564,9
565,565,3
566,566,1
567,567,16
568,568,7
569,569,1
570,570,1
571,571,17
572,572,4
573,573,17
574,574,8
575,575,4
576,576,19
577,577,14
578,578,2
579,579,12
580,580,16
581,581,10
582,582,10
583,583,16
584,584,5
585,585,0
586,586,1
587,587,17
588,588,9
589,589,3
590,590,16
591,591,11
592,592,13
593,593,11
594,594,10
595,595,1
596,596,18
597,597,9
598,598,14
599,599,16
600,600,14
601,601,10
602,602,10
603,603,17
604,604,11
605,605,5
606,606,12
607,607,9
608,608,17
609,609,5
610,610,9
611,611,5
612,612,15
613,613,18
614,614,10
615,615,0
616,616,2
617,617,7
618,618,7
619,619,9
620,620,9
621,621,14
622,622,16
623,623,15
624,624,6
625,625,17
626,626,8
627,627,14
628,628,1
629,629,19
630,630,5
631,631,2
632,632,5
633,633,8
634,634,6
635,635,15
636,636,11
637,637,5
638,638,10
639,639,17
640,640,12
641,641,9
642,642,9
643,643,10
644,644,1
645,645,7
646,646,8
647,647,6
648,648,6
649,649,1
650,650,15
651,651,17
652,652,6
653,653,6
654,654,10
655,655,7
656,656,2
657,657,5
658,658,2
659,659,15
660,660,1
661,661,7
662,662,8
663,663,5
664,664,10
665,665,0
666,666,8
667,667,7
668,668,10
669,669,11
670,670,16
671,671,15
672,672,10
673,673,13
674,674,5
675,675,17
676,676,13
677,677,12
678,678,18
679,679,3
680,680,8
681,681,14
682,682,2
683,683,9
684,684,2
685,685,4
686,686,3
687,687,13
688,688,3
689,689,3
690,690,2
691,691,13
692,692,18
693,693,13
694,694,0
695,695,15
696,696,9
697,697,11
698,698,16
699,699,16
700,700,5
701,701,3
702,702,14
703,703,5
704,704,12
705,705,5
706,706,19
707,707,16
708,708,9
709,709,12
710,710,19
711,711,19
712,712,15
713,713,13
714,714,10
715,715,12
716,716,15
717,717,11
718,718,1
719,719,2
720,720,12
721,721,12
722,722,18
723,723,8
724,724,9
725,725,0
726,726,7
727,727,12
728,728,6
729,729,4
730,730,14
731,731,12
732,732,10
733,733,6
734,734,7
735,735,5
736,736,10
737,737,11
738,738,8
739,739,2
740,740,2
741,741,2
742,742,14
743,743,4
744,744,17
745,745,7
746,746,17
747,747,11
748,748,5
749,749,8
750,750,10
751,751,12
752,752,15
753,753,16
754,754,10
755,755,4
756,756,10
757,757,7
758,758,5
759,759,15
760,760,5
761,761,7
762,762,7
763,763,17
764,764,5
765,765,10
766,766,14
767,767,10
768,768,4
769,769,8
770,770,19
771,771,15
772,772,8
773,773,13
774,774,7
775,775,17
776,776,14
777,777,14
778,778,12
779,779,9
780,780,9
781,781,2
782,782,16
783,783,3
784,784,13
785,785,4
786,786,5
787,787,4
788,788,19
789,789,11
790,790,18
791,791,1
792,792,4
793,793,0
794,794,1
795,795,9
796,796,9
797,797,4
798,798,5
799,799,15
800,800,8
801,801,2
802,802,5
803,803,5
804,804,13
805,805,10
806,806,11
807,807,17
808,808,18
809,809,16
810,810,14
811,811,16
812,812,2
813,813,1
814,814,12
815,815,16
816,816,19
817,817,2
818,818,12
819,819,2
820,820,13
821,821,0
822,822,17
823,823,6
824,824,15
825,825,11
826,826,11
827,827,17
828,828,3
829,829,4
830,830,2
831,831,16
832,832,19
833,833,17
834,834,12
835,835,10
836,836,4
837,837,14
838,838,8
839,839,1
840,840,4
841,841,15
842,842,10
843,843,6
844,844,10
845,845,13
846,846,3
847,847,17
848,848,9
849,849,3
850,850,9
851,851,12
852,852,4
853,853,1
854,854,10
855,855,3
856,856,7
857,857,15
858,858,5
859,859,10
860,860,15
861,861,10
862,862,10
863,863,19
864,864,8
865,865,18
866,866,14
867,867,16
868,868,5
869,869,14
870,870,5
871,871,13
872,872,15
873,873,5
874,874,1
875,875,16
876,876,3
877,877,16
878,878,2
879,879,9
880,880,15
881,881,8
882,882,17
883,883,1
884,884,6
885,885,10
886,886,8
887,887,2
888,888,14
889,889,12
890,890,14
891,891,14
892,892,10
893,893,9
894,894,11
895,895,3
896,896,11
897,897,17
898,898,9
899,899,16
900,900,5
901,901,13
902,902,14
903,903,7
904,904,19
905,905,17
906,906,14
907,907,8
908,908,3
909,909,4
910,910,7
911,911,14
912,912,4
913,913,2
914,914,9
915,915,10
916,916,7
917,917,4
918,918,17
919,919,5
920,920,19
921,921,1
922,922,9
923,923,18
924,924,11
925,925,4
926,926,8
927,927,12
928,928,19
929,929,0
930,930,10
931,931,17
932,932,11
933,933,7
934,934,6
935,935,10
936,936,11
937,937,15
938,938,13
939,939,16
940,940,17
941,941,4
942,942,5
943,943,10
944,944,17
945,945,17
946,946,15
947,947,3
948,948,2
949,949,8
950,950,0
951,951,13
952,952,17
953,953,2
954,954,2
955,955,10
956,956,14
957,957,15
958,958,13
959,959,7
960,960,9
961,961,6
962,962,6
963,963,12
964,964,8
965,965,11
966,966,7
967,967,0
968,968,5
969,969,12
970,970,9
971,971,8
972,972,12
973,973,0
974,974,4
975,975,7
976,976,4
977,977,6
978,978,11
979,979,5
980,980,16
981,981,19
982,982,0
983,983,10
984,984,15
985,985,3
986,986,17
987,987,19
988,988,4
989,989,15
990,990,4
991,991,6
992,992,2
993,993,15
994,994,0
995,995,8
996,996,13
997,997,9
998,998,18
999,999,7
1000,1000,9
1001,1001,16
1002,1002,18
1003,1003,1
1004,1004,5
1005,1005,6
1006,1006,11
1007,1007,15
1008,1008,1
1009,1009,10
1010,1010,19
1011,1011,14
1012,1012,15
1013,1013,2
1014,1014,9
1015,1015,10
1016,1016,15
1017,1017,8
1018,1018,10
1019,1019,5
1020,1020,19
1021,1021,14
1022,1022,3
1023,1023,4
1024,1024,10
1025,1025,9
1026,1026,3
1027,1027,1
1028,1028,16
1029,1029,8
1030,1030,1
1031,1031,5
1032,1032,1
1033,1033,8
1034,1034,14
1035,1035,10
1036,1036,0
1037,1037,14
1038,1038,15
1039,1039,15
1040,1040,0
1041,1041,8
1042,1042,19
1043,1043,13
1044,1044,11
1045,1045,4
1046,1046,5
1047,1047,13
1048,1048,10
1049,1049,14
1050,1050,16
1051,1051,15
1052,1052,12
1053,1053,14
1054,1054,0
1055,1055,7
1056,1056,18
1057,1057,11
1058,1058,2
1059,1059,11
1060,1060,9
1061,1061,7
1062,1062,19
1063,1063,19
1064,1064,19
1065,1065,15
1066,1066,1
1067,1067,3
1068,1068,6
1069,1069,8
1070,1070,8
1071,1071,13
1072,1072,19
1073,1073,1
1074,1074,18
1075,1075,1
1076,1076,13
1077,1077,18
1078,1078,14
1079,1079,18
1080,1080,8
1081,1081,7
1082,1082,7
1083,1083,0
1084,1084,17
1085,1085,8
1086,1086,4
1087,1087,3
1088,1088,1
1089,1089,0
1090,1090,6
1091,1091,17
1092,1092,1
1093,1093,10
1094,1094,16
1095,1095,6
1096,1096,9
1097,1097,17
1098,1098,2
1099,1099,5
1100,1100,15
1101,1101,12
1102,1102,7
1103,1103,3
1104,1104,5
1105,1105,5
1106,1106,13
1107,1107,3
1108,1108,1
1109,1109,2
1110,1110,11
1111,1111,15
1112,1112,14
1113,1113,16
1114,1114,14
1115,1115,13
1116,1116,15
1117,1117,16
1118,1118,12
1119,1119,13
1120,1120,13
1121,1121,16
1122,1122,3
1123,1123,15
1124,1124,1
1125,1125,13
1126,1126,13
1127,1127,13
1128,1128,7
1129,1129,5
1130,1130,1
1131,1131,5
1132,1132,9
1133,1133,19
1134,1134,5
1135,1135,4
1136,1136,6
1137,1137,9
1138,1138,1
1139,1139,12
1140,1140,6
1141,1141,10
1142,1142,7
1143,1143,12
1144,1144,11
1145,1145,12
1146,1146,1
1147,1147,13
1148,1148,12
1149,1149,0
1150,1150,14
1151,1151,14
1152,1152,3
1153,1153,11
1154,1154,12
1155,1155,3
1156,1156,11
1157,1157,14
1158,1158,10
1159,1159,7
1160,1160,13
1161,1161,11
1162,1162,16
1163,1163,9
1164,1164,9
1165,1165,13
1166,1166,1
1167,1167,11
1168,1168,19
1169,1169,1
1170,1170,13
1171,1171,6
1172,1172,11
1173,1173,2
1174,1174,18
1175,1175,17
1176,1176,3
1177,1177,10
1178,1178,17
1179,1179,6
1180,1180,6
1181,1181,16
1182,1182,6
1183,1183,12
1184,1184,3
1185,1185,1
1186,1186,1
1187,1187,1
1188,1188,16
1189,1189,1
1190,1190,1
1191,1191,17
1192,1192,1
1193,1193,13
1194,1194,5
1195,1195,6
1196,1196,11
1197,1197,1
1198,1198,14
1199,1199,18
1200,1200,3
1201,1201,8
1202,1202,2
1203,1203,0
1204,1204,1
1205,1205,19
1206,1206,15
1207,1207,19
1208,1208,15
1209,1209,7
1210,1210,7
1211,1211,11
1212,1212,12
1213,1213,3
1214,1214,4
1215,1215,11
1216,1216,10
1217,1217,12
1218,1218,19
1219,1219,1
1220,1220,10
1221,1221,2
1222,1222,10
1223,1223,15
1224,1224,14
1225,1225,19
1226,1226,9
1227,1227,3
1228,1228,9
1229,1229,17
1230,1230,13
1231,1231,9
1232,1232,8
1233,1233,6
1234,1234,17
1235,1235,19
1236,1236,3
1237,1237,8
1238,1238,6
1239,1239,2
1240,1240,4
1241,1241,15
1242,1242,1
1243,1243,6
1244,1244,5
1245,1245,9
1246,1246,18
1247,1247,17
1248,1248,3
1249,1249,3
1250,1250,3
1251,1251,15
1252,1252,7
1253,1253,15
1254,1254,3
1255,1255,5
1256,1256,15
1257,1257,6
1258,1258,3
1259,1259,11
1260,1260,6
1261,1261,5
1262,1262,17
1263,1263,6
1264,1264,12
1265,1265,5
1266,1266,4
1267,1267,12
1268,1268,19
1269,1269,15
1270,1270,8
1271,1271,5
1272,1272,1
1273,1273,1
1274,1274,2
1275,1275,11
1276,1276,1
1277,1277,9
1278,1278,17
1279,1279,4
1280,1280,19
1281,1281,13
1282,1282,0
1283,1283,15
1284,1284,4
1285,1285,1
1286,1286,16
1287,1287,12
1288,1288,9
1289,1289,15
1290,1290,13
1291,1291,8
1292,1292,12
1293,1293,3
1294,1294,3
1295,1295,5
1296,1296,14
1297,1297,2
1298,1298,7
1299,1299,14
1300,1300,12
1301,1301,19
1302,1302,18
1303,1303,2
1304,1304,10
1305,1305,10
1306,1306,11
1307,1307,17
1308,1308,3
1309,1309,12
1310,1310,12
1311,1311,14
1312,1312,1
1313,1313,7
1314,1314,18
1315,1315,3
1316,1316,14
1317,1317,16
1318,1318,17
1319,1319,6
1320,1320,18
1321,1321,10
1322,1322,16
1323,1323,11
1324,1324,8
1325,1325,7
1326,1326,8
1327,1327,4
1328,1328,9
1329,1329,14
1330,1330,8
1331,1331,14
1332,1332,4
1333,1333,1
1334,1334,6
1335,1335,16
1336,1336,5
1337,1337,4
1338,1338,0
1339,1339,4
1340,1340,0
1341,1341,15
1342,1342,15
1343,1343,3
1344,1344,3
1345,1345,8
1346,1346,15
1347,1347,17
1348,1348,0
1349,1349,4
1350,1350,9
1351,1351,7
1352,1352,4
1353,1353,13
1354,1354,0
1355,1355,11
1356,1356,4
1357,1357,17
1358,1358,14
1359,1359,0
1360,1360,2
1361,1361,4
1362,1362,11
1363,1363,3
1364,1364,0
1365,1365,11
1366,1366,11
1367,1367,11
1368,1368,15
1369,1369,6
1370,1370,16
1371,1371,2
1372,1372,7
1373,1373,5
1374,1374,9
1375,1375,1
1376,1376,10
1377,1377,5
1378,1378,11
1379,1379,7
1380,1380,13
1381,1381,17
1382,1382,2
1383,1383,14
1384,1384,13
1385,1385,5
1386,1386,13
1387,1387,8
1388,1388,0
1389,1389,2
1390,1390,13
1391,1391,5
1392,1392,8
1393,1393,0
1394,1394,12
1395,1395,3
1396,1396,5
1397,1397,15
1398,1398,2
1399,1399,14
1400,1400,4
1401,1401,9
1402,1402,7
1403,1403,10
1404,1404,3
1405,1405,5
1406,1406,11
1407,1407,15
1408,1408,14
1409,1409,11
1410,1410,17
1411,1411,6
1412,1412,4
1413,1413,6
1414,1414,9
1415,1415,16
1416,1416,14
1417,1417,1
1418,1418,5
1419,1419,13
1420,1420,12
1421,1421,16
1422,1422,17
1423,1423,9
1424,1424,10
1425,1425,7
1426,1426,19
1427,1427,0
1428,1428,15
1429,1429,9
1430,1430,11
1431,1431,9
1432,1432,12
1433,1433,1
1434,1434,10
1435,1435,12
1436,1436,15
1437,1437,6
1438,1438,17
1439,1439,7
1440,1440,8
1441,1441,4
1442,1442,1
1443,1443,4
1444,1444,11
1445,1445,10
1446,1446,14
1447,1447,14
1448,1448,5
1449,1449,18
1450,1450,14
1451,1451,18
1452,1452,6
1453,1453,11
1454,1454,4
1455,1455,14
1456,1456,8
1457,1457,4
1458,1458,14
1459,1459,6
1460,1460,18
1461,1461,17
1462,1462,1
1463,1463,9
1464,1464,6
1465,1465,3
1466,1466,11
1467,1467,18
1468,1468,2
1469,1469,7
1470,1470,11
1471,1471,1
1472,1472,11
1473,1473,9
1474,1474,6
1475,1475,2
1476,1476,3
1477,1477,4
1478,1478,17
1479,1479,16
1480,1480,18
1481,1481,13
1482,1482,0
1483,1483,16
1484,1484,9
1485,1485,9
1486,1486,13
1487,1487,3
1488,1488,16
1489,1489,18
1490,1490,13
1491,1491,0
1492,1492,4
1493,1493,3
1494,1494,19
1495,1495,9
1496,1496,13
1497,1497,17
1498,1498,1
1499,1499,3
1500,1500,18
1501,1501,6
1502,1502,14
1503,1503,16
1504,1504,1
1505,1505,5
1506,1506,3
1507,1507,3
1508,1508,5
1509,1509,1
1510,1510,14
1511,1511,3
1512,1512,14
1513,1513,5
1514,1514,7
1515,1515,15
1516,1516,4
1517,1517,11
1518,1518,19
1519,1519,15
1520,1520,8
1521,1521,19
1522,1522,1
1523,1523,9
1524,1524,13
1525,1525,4
1526,1526,17
1527,1527,7
1528,1528,6
1529,1529,7
1530,1530,6
1531,1531,14
1532,1532,0
1533,1533,14
1534,1534,19
1535,1535,16
1536,1536,6
1537,1537,8
1538,1538,0
1539,1539,19
1540,1540,1
1541,1541,18
1542,1542,10
1543,1543,2
1544,1544,10
1545,1545,16
1546,1546,12
1547,1547,9
1548,1548,2
1549,1549,0
1550,1550,8
1551,1551,2
1552,1552,5
1553,1553,9
1554,1554,17
1555,1555,12
1556,1556,16
1557,1557,6
1558,1558,2
1559,1559,2
1560,1560,14
1561,1561,1
1562,1562,4
1563,1563,2
1564,1564,14
1565,1565,7
1566,1566,3
1567,1567,8
1568,1568,13
1569,1569,7
1570,1570,13
1571,1571,2
1572,1572,11
1573,1573,18
1574,1574,14
1575,1575,4
1576,1576,7
1577,1577,6
1578,1578,5
1579,1579,2
1580,1580,3
1581,1581,5
1582,1582,12
1583,1583,10
1584,1584,0
1585,1585,17
1586,1586,8
1587,1587,16
1588,1588,7
1589,1589,9
1590,1590,2
1591,1591,1
1592,1592,5
1593,1593,1
1594,1594,9
1595,1595,17
1596,1596,4
1597,1597,9
1598,1598,9
1599,1599,9
1600,1600,6
1601,1601,0
1602,1602,11
1603,1603,8
1604,1604,17
1605,1605,11
1606,1606,19
1607,1607,5
1608,1608,11
1609,1609,9
1610,1610,11
1611,1611,9
1612,1612,9
1613,1613,16
1614,1614,0
1615,1615,3
1616,1616,13
1617,1617,2
1618,1618,11
1619,1619,17
1620,1620,1
1621,1621,14
1622,1622,6
1623,1623,1
1624,1624,6
1625,1625,18
1626,1626,12
1627,1627,15
1628,1628,3
1629,1629,19
1630,1630,2
1631,1631,8
1632,1632,14
1633,1633,13
1634,1634,17
1635,1635,11
1636,1636,5
1637,1637,4
1638,1638,6
1639,1639,11
1640,1640,12
1641,1641,12
1642,1642,6
1643,1643,8
1644,1644,18
1645,1645,12
1646,1646,1
1647,1647,1
1648,1648,19
1649,1649,14
1650,1650,13
1651,1651,12
1652,1652,16
1653,1653,1
1654,1654,5
1655,1655,18
1656,1656,1
1657,1657,17
1658,1658,10
1659,1659,3
1660,1660,8
1661,1661,13
1662,1662,11
1663,1663,0
1664,1664,13
1665,1665,16
1666,1666,10
1667,1667,3
1668,1668,4
1669,1669,11
1670,1670,2
1671,1671,18
1672,1672,19
1673,1673,2
1674,1674,16
1675,1675,18
1676,1676,0
1677,1677,12
1678,1678,10
1679,1679,10
1680,1680,11
1681,1681,18
1682,1682,9
1683,1683,6
1684,1684,13
1685,1685,14
1686,1686,0
1687,1687,6
1688,1688,7
1689,1689,15
1690,1690,15
1691,1691,14
1692,1692,8
1693,1693,2
1694,1694,13
1695,1695,12
1696,1696,18
1697,1697,7
1698,1698,1
1699,1699,17
1700,1700,9
1701,1701,12
1702,1702,15
1703,1703,16
1704,1704,18
1705,1705,17
1706,1706,14
1707,1707,12
1708,1708,2
1709,1709,5
1710,1710,3
1711,1711,0
1712,1712,13
1713,1713,1
1714,1714,11
1715,1715,6
1716,1716,15
1717,1717,0
1718,1718,6
1719,1719,10
1720,1720,0
1721,1721,8
1722,1722,5
1723,1723,5
1724,1724,17
1725,1725,3
1726,1726,2
1727,1727,3
1728,1728,8
1729,1729,16
1730,1730,16
1731,1731,4
1732,1732,18
1733,1733,4
1734,1734,9
1735,1735,16
1736,1736,2
1737,1737,13
1738,1738,17
1739,1739,9
1740,1740,17
1741,1741,18
1742,1742,13
1743,1743,6
1744,1744,1
1745,1745,3
1746,1746,18
1747,1747,6
1748,1748,4
1749,1749,0
1750,1750,14
1751,1751,12
1752,1752,7
1753,1753,15
1754,1754,3
1755,1755,16
1756,1756,7
1757,1757,2
1758,1758,4
1759,1759,11
1760,1760,10
1761,1761,2
1762,1762,13
1763,1763,17
1764,1764,9
1765,1765,12
1766,1766,1
1767,1767,5
1768,1768,17
1769,1769,6
1770,1770,4
1771,1771,17
1772,1772,10
1773,1773,17
1774,1774,3
1775,1775,14
1776,1776,3
1777,1777,17
1778,1778,16
1779,1779,3
1780,1780,9
1781,1781,6
1782,1782,17
1783,1783,12
1784,1784,14
1785,1785,7
1786,1786,8
1787,1787,11
1788,1788,10
1789,1789,13
1790,1790,8
1791,1791,3
1792,1792,7
1793,1793,10
1794,1794,5
1795,1795,8
1796,1796,13
1797,1797,13
1798,1798,2
1799,1799,3
1800,1800,6
1801,1801,1
1802,1802,5
1803,1803,12
1804,1804,16
1805,1805,16
1806,1806,3
1807,1807,3
1808,1808,11
1809,1809,4
1810,1810,16
1811,1811,18
1812,1812,16
1813,1813,18
1814,1814,17
1815,1815,7
1816,1816,6
1817,1817,1
1818,1818,11
1819,1819,14
1820,1820,6
1821,1821,15
1822,1822,13
1823,1823,10
1824,1824,6
1825,1825,10
1826,1826,11
1827,1827,0
1828,1828,16
1829,1829,17
1830,1830,9
1831,1831,15
1832,1832,8
1833,1833,9
1834,1834,2
1835,1835,9
1836,1836,8
1837,1837,19
1838,1838,10
1839,1839,0
1840,1840,18
1841,1841,12
1842,1842,0
1843,1843,16
1844,1844,16
1845,1845,16
1846,1846,6
1847,1847,1
1848,1848,15
1849,1849,15
1850,1850,11
1851,1851,18
1852,1852,12
1853,1853,2
1854,1854,13
1855,1855,15
1856,1856,18
1857,1857,3
1858,1858,12
1859,1859,9
1860,1860,7
1861,1861,0
1862,1862,7
1863,1863,3
1864,1864,0
1865,1865,11
1866,1866,15
1867,1867,4
1868,1868,2
1869,1869,6
1870,1870,5
1871,1871,2
1872,1872,11
1873,1873,11
1874,1874,0
1875,1875,15
1876,1876,4
1877,1877,3
1878,1878,8
1879,1879,9
1880,1880,16
1881,1881,1
1882,1882,18
1883,1883,16
1884,1884,14
1885,1885,3
1886,1886,1
1887,1887,13
1888,1888,16
1889,1889,12
1890,1890,6
1891,1891,0
1892,1892,16
1893,1893,4
1894,1894,4
1895,1895,1
1896,1896,14
1897,1897,10
1898,1898,2
1899,1899,6
1900,1900,5
1901,1901,13
1902,1902,16
1903,1903,3
1904,1904,9
1905,1905,14
1906,1906,4
1907,1907,12
1908,1908,14
1909,1909,19
1910,1910,19
1911,1911,8
1912,1912,14
1913,1913,17
1914,1914,8
1915,1915,1
1916,1916,0
1917,1917,0
1918,1918,13
1919,1919,5
1920,1920,17
1921,1921,7
1922,1922,2
1923,1923,7
1924,1924,10
1925,1925,17
1926,1926,15
1927,1927,12
1928,1928,5
1929,1929,6
1930,1930,4
1931,1931,19
1932,1932,11
1933,1933,5
1934,1934,3
1935,1935,8
1936,1936,11
1937,1937,12
1938,1938,16
1939,1939,3
1940,1940,13
1941,1941,2
1942,1942,14
1943,1943,16
1944,1944,10
1945,1945,4
1946,1946,9
1947,1947,7
1948,1948,4
1949,1949,18
1950,1950,14
1951,1951,1
1952,1952,4
1953,1953,8
1954,1954,14
1955,1955,11
1956,1956,11
1957,1957,9
1958,1958,6
1959,1959,19
1960,1960,17
1961,1961,2
1962,1962,12
1963,1963,10
1964,1964,12
1965,1965,5
1966,1966,14
1967,1967,7
1968,1968,9
1969,1969,11
1970,1970,2
1971,1971,3
1972,1972,19
1973,1973,1
1974,1974,3
1975,1975,4
1976,1976,9
1977,1977,18
1978,1978,3
1979,1979,11
1980,1980,2
1981,1981,16
1982,1982,8
1983,1983,10
1984,1984,10
1985,1985,9
1986,1986,6
1987,1987,7
1988,1988,0
1989,1989,7
1990,1990,10
1991,1991,15
1992,1992,3
1993,1993,14
1994,1994,16
1995,1995,12
1996,1996,16
1997,1997,11
1998,1998,2
1999,1999,3
2000,2000,14
2001,2001,13
2002,2002,18
2003,2003,0
2004,2004,1
2005,2005,12
2006,2006,11
2007,2007,14
2008,2008,0
2009,2009,15
2010,2010,9
2011,2011,5
2012,2012,4
2013,2013,12
2014,2014,18
2015,2015,2
2016,2016,9
2017,2017,9
2018,2018,11
2019,2019,1
2020,2020,0
2021,2021,17
2022,2022,9
2023,2023,11
2024,2024,12
2025,2025,13
2026,2026,19
2027,2027,6
2028,2028,12
2029,2029,4
2030,2030,8
2031,2031,19
2032,2032,12
2033,2033,18
2034,2034,18
2035,2035,5
2036,2036,5
2037,2037,3
2038,2038,19
2039,2039,17
2040,2040,16
2041,2041,2
2042,2042,7
2043,2043,2
2044,2044,10
2045,2045,11
2046,2046,0
2047,2047,5
2048,2048,5
2049,2049,4
2050,2050,9
2051,2051,12
2052,2052,15
2053,2053,13
2054,2054,6
2055,2055,15
2056,2056,7
2057,2057,0
2058,2058,15
2059,2059,4
2060,2060,9
2061,2061,7
2062,2062,14
2063,2063,12
2064,2064,17
2065,2065,14
2066,2066,10
2067,2067,13
2068,2068,17
2069,2069,4
2070,2070,0
2071,2071,6
2072,2072,1
2073,2073,13
2074,2074,17
2075,2075,16
2076,2076,6
2077,2077,13
2078,2078,13
2079,2079,4
2080,2080,2
2081,2081,15
2082,2082,1
2083,2083,15
2084,2084,4
2085,2085,8
2086,2086,14
2087,2087,3
2088,2088,11
2089,2089,5
2090,2090,6
2091,2091,13
2092,2092,9
2093,2093,6
2094,2094,4
2095,2095,9
2096,2096,5
2097,2097,10
2098,2098,13
2099,2099,10
2100,2100,13
2101,2101,12
2102,2102,6
2103,2103,13
2104,2104,16
2105,2105,1
2106,2106,17
2107,2107,9
2108,2108,10
2109,2109,0
2110,2110,0
2111,2111,4
2112,2112,13
2113,2113,17
2114,2114,8
2115,2115,3
2116,2116,17
2117,2117,0
2118,2118,18
2119,2119,2
2120,2120,0
2121,2121,0
2122,2122,4
2123,2123,5
2124,2124,7
2125,2125,14
2126,2126,10
2127,2127,4
2128,2128,12
2129,2129,12
2130,2130,9
2131,2131,13
2132,2132,14
2133,2133,11
2134,2134,6
2135,2135,16
2136,2136,10
2137,2137,13
2138,2138,3
2139,2139,15
2140,2140,17
2141,2141,3
2142,2142,7
2143,2143,2
2144,2144,15
2145,2145,5
2146,2146,13
2147,2147,2
2148,2148,2
2149,2149,7
2150,2150,16
2151,2151,7
2152,2152,14
2153,2153,7
2154,2154,15
2155,2155,15
2156,2156,7
2157,2157,11
2158,2158,0
2159,2159,5
2160,2160,3
2161,2161,14
2162,2162,13
2163,2163,0
2164,2164,4
2165,2165,8
2166,2166,10
2167,2167,16
2168,2168,16
2169,2169,13
2170,2170,1
2171,2171,16
2172,2172,0
2173,2173,13
2174,2174,6
2175,2175,16
2176,2176,13
2177,2177,13
2178,2178,9
2179,2179,2
2180,2180,14
2181,2181,2
2182,2182,8
2183,2183,4
2184,2184,4
2185,2185,14
2186,2186,2
2187,2187,4
2188,2188,9
2189,2189,13
2190,2190,9
2191,2191,1
2192,2192,15
2193,2193,10
2194,2194,18
2195,2195,11
2196,2196,18
2197,2197,8
2198,2198,11
2199,2199,9
2200,2200,5
2201,2201,18
2202,2202,18
2203,2203,18
2204,2204,10
2205,2205,8
2206,2206,2
2207,2207,7
2208,2208,9
2209,2209,9
2210,2210,5
2211,2211,7
2212,2212,5
2213,2213,0
2214,2214,17
2215,2215,13
2216,2216,16
2217,2217,8
2218,2218,7
2219,2219,18
2220,2220,7
2221,2221,4
2222,2222,19
2223,2223,1
2224,2224,10
2225,2225,18
2226,2226,19
2227,2227,14
2228,2228,16
2229,2229,6
2230,2230,4
2231,2231,19
2232,2232,11
2233,2233,19
2234,2234,17
2235,2235,3
2236,2236,11
2237,2237,17
2238,2238,3
2239,2239,16
2240,2240,12
2241,2241,14
2242,2242,15
2243,2243,3
2244,2244,17
2245,2245,3
2246,2246,17
2247,2247,11
2248,2248,5
2249,2249,0
2250,2250,9
2251,2251,13
2252,2252,12
2253,2253,5
2254,2254,13
2255,2255,8
2256,2256,1
2257,2257,12
2258,2258,14
2259,2259,13
2260,2260,12
2261,2261,18
2262,2262,5
2263,2263,19
2264,2264,12
2265,2265,8
2266,2266,7
2267,2267,2
2268,2268,18
2269,2269,6
2270,2270,4
2271,2271,18
2272,2272,0
2273,2273,3
2274,2274,19
2275,2275,2
2276,2276,17
2277,2277,12
2278,2278,9
2279,2279,12
2280,2280,13
2281,2281,2
2282,2282,1
2283,2283,4
2284,2284,8
2285,2285,10
2286,2286,5
2287,2287,13
2288,2288,5
2289,2289,11
2290,2290,5
2291,2291,7
2292,2292,14
2293,2293,11
2294,2294,11
2295,2295,1
2296,2296,2
2297,2297,11
2298,2298,8
2299,2299,12
2300,2300,19
2301,2301,17
2302,2302,2
2303,2303,10
2304,2304,19
2305,2305,17
2306,2306,5
2307,2307,4
2308,2308,6
2309,2309,5
2310,2310,3
2311,2311,18
2312,2312,10
2313,2313,12
2314,2314,6
2315,2315,12
2316,2316,7
2317,2317,4
2318,2318,0
2319,2319,15
2320,2320,15
2321,2321,5
2322,2322,5
2323,2323,1
2324,2324,13
2325,2325,8
2326,2326,4
2327,2327,11
2328,2328,4
2329,2329,6
2330,2330,3
2331,2331,10
2332,2332,1
2333,2333,8
2334,2334,18
2335,2335,7
2336,2336,8
2337,2337,5
2338,2338,15
2339,2339,7
2340,2340,2
2341,2341,17
2342,2342,8
2343,2343,17
2344,2344,5
2345,2345,1
2346,2346,14
2347,2347,4
2348,2348,15
2349,2349,10
2350,2350,13
2351,2351,10
2352,2352,10
2353,2353,14
2354,2354,2
2355,2355,17
2356,2356,12
2357,2357,10
2358,2358,11
2359,2359,15
2360,2360,3
2361,2361,8
2362,2362,5
2363,2363,4
2364,2364,2
2365,2365,1
2366,2366,7
2367,2367,3
2368,2368,3
2369,2369,5
2370,2370,7
2371,2371,13
2372,2372,9
2373,2373,1
2374,2374,16
2375,2375,14
2376,2376,6
2377,2377,3
2378,2378,7
2379,2379,7
2380,2380,2
2381,2381,12
2382,2382,5
2383,2383,19
2384,2384,3
2385,2385,15
2386,2386,15
2387,2387,12
2388,2388,4
2389,2389,15
2390,2390,12
2391,2391,4
2392,2392,1
2393,2393,10
2394,2394,10
2395,2395,8
2396,2396,1
2397,2397,4
2398,2398,16
2399,2399,1
2400,2400,4
2401,2401,7
2402,2402,4
2403,2403,13
2404,2404,9
2405,2405,16
2406,2406,14
2407,2407,18
2408,2408,18
2409,2409,7
2410,2410,14
2411,2411,7
2412,2412,7
2413,2413,4
2414,2414,10
2415,2415,9
2416,2416,12
2417,2417,5
2418,2418,0
2419,2419,8
2420,2420,15
2421,2421,19
2422,2422,14
2423,2423,3
2424,2424,5
2425,2425,5
2426,2426,7
2427,2427,3
2428,2428,15
2429,2429,8
2430,2430,17
2431,2431,2
2432,2432,14
2433,2433,8
2434,2434,0
2435,2435,3
2436,2436,13
2437,2437,18
2438,2438,12
2439,2439,5
2440,2440,4
2441,2441,18
2442,2442,17
2443,2443,10
2444,2444,17
2445,2445,1
2446,2446,4
2447,2447,1
2448,2448,14
2449,2449,6
2450,2450,4
2451,2451,2
2452,2452,1
2453,2453,19
2454,2454,13
2455,2455,19
2456,2456,9
2457,2457,9
2458,2458,4
2459,2459,7
2460,2460,12
2461,2461,7
2462,2462,5
2463,2463,13
2464,2464,18
2465,2465,3
2466,2466,6
2467,2467,13
2468,2468,3
2469,2469,0
2470,2470,3
2471,2471,1
2472,2472,4
2473,2473,11
2474,2474,9
2475,2475,12
2476,2476,5
2477,2477,13
2478,2478,9
2479,2479,9
2480,2480,13
2481,2481,1
2482,2482,2
2483,2483,0
2484,2484,16
2485,2485,2
2486,2486,19
2487,2487,14
2488,2488,1
2489,2489,1
2490,2490,19
2491,2491,8
2492,2492,16
2493,2493,7
2494,2494,2
2495,2495,14
2496,2496,1
2497,2497,9
2498,2498,6
2499,2499,11
2500,2500,15
2501,2501,0
2502,2502,0
2503,2503,10
2504,2504,6
2505,2505,6
2506,2506,1
2507,2507,16
2508,2508,16
2509,2509,16
2510,2510,13
2511,2511,9
2512,2512,8
2513,2513,5
2514,2514,17
2515,2515,11
2516,2516,18
2517,2517,14
2518,2518,12
2519,2519,8
2520,2520,5
2521,2521,15
2522,2522,8
2523,2523,9
2524,2524,2
2525,2525,1
2526,2526,4
2527,2527,15
2528,2528,2
2529,2529,3
2530,2530,8
2531,2531,12
2532,2532,4
2533,2533,5
2534,2534,18
2535,2535,0
2536,2536,15
2537,2537,13
2538,2538,15
2539,2539,15
2540,2540,7
2541,2541,7
2542,2542,5
2543,2543,16
2544,2544,6
2545,2545,17
2546,2546,9
2547,2547,7
2548,2548,15
2549,2549,10
2550,2550,13
2551,2551,18
2552,2552,19
2553,2553,1
2554,2554,10
2555,2555,0
2556,2556,13
2557,2557,5
2558,2558,9
2559,2559,1
2560,2560,4
2561,2561,6
2562,2562,1
2563,2563,17
2564,2564,16
2565,2565,18
2566,2566,0
2567,2567,9
2568,2568,14
2569,2569,8
2570,2570,8
2571,2571,13
2572,2572,4
2573,2573,9
2574,2574,11
2575,2575,12
2576,2576,14
2577,2577,8
2578,2578,3
2579,2579,13
2580,2580,3
2581,2581,7
2582,2582,5
2583,2583,2
2584,2584,2
2585,2585,4
2586,2586,11
2587,2587,11
2588,2588,9
2589,2589,15
2590,2590,14
2591,2591,17
2592,2592,8
2593,2593,5
2594,2594,1
2595,2595,6
2596,2596,10
2597,2597,0
2598,2598,12
2599,2599,6
2600,2600,16
2601,2601,7
2602,2602,12
2603,2603,7
2604,2604,9
2605,2605,4
2606,2606,10
2607,2607,18
2608,2608,8
2609,2609,12
2610,2610,8
2611,2611,1
2612,2612,5
2613,2613,9
2614,2614,16
2615,2615,7
2616,2616,10
2617,2617,18
2618,2618,6
2619,2619,11
2620,2620,17
2621,2621,0
2622,2622,13
2623,2623,14
2624,2624,11
2625,2625,3
2626,2626,1
2627,2627,3
2628,2628,4
2629,2629,7
2630,2630,19
2631,2631,4
2632,2632,10
2633,2633,10
2634,2634,10
2635,2635,0
2636,2636,3
2637,2637,11
2638,2638,8
2639,2639,17
2640,2640,5
2641,2641,9
2642,2642,14
2643,2643,10
2644,2644,7
2645,2645,15
2646,2646,7
2647,2647,18
2648,2648,18
2649,2649,14
2650,2650,10
2651,2651,4
2652,2652,19
2653,2653,7
2654,2654,9
2655,2655,4
2656,2656,9
2657,2657,0
2658,2658,6
2659,2659,3
2660,2660,4
2661,2661,1
2662,2662,15
2663,2663,12
2664,2664,14
2665,2665,11
2666,2666,5
2667,2667,14
2668,2668,16
2669,2669,8
2670,2670,0
2671,2671,18
2672,2672,17
2673,2673,5
2674,2674,17
2675,2675,9
2676,2676,9
2677,2677,19
2678,2678,1
2679,2679,0
2680,2680,11
2681,2681,2
2682,2682,12
2683,2683,7
2684,2684,15
2685,2685,3
2686,2686,4
2687,2687,17
2688,2688,7
2689,2689,6
2690,2690,1
2691,2691,16
2692,2692,16
2693,2693,4
2694,2694,6
2695,2695,16
2696,2696,1
2697,2697,11
2698,2698,14
2699,2699,6
2700,2700,6
2701,2701,9
2702,2702,4
2703,2703,1
2704,2704,7
2705,2705,16
2706,2706,14
2707,2707,5
2708,2708,2
2709,2709,15
2710,2710,13
2711,2711,3
2712,2712,15
2713,2713,16
2714,2714,4
2715,2715,14
2716,2716,13
2717,2717,9
2718,2718,15
2719,2719,15
2720,2720,16
2721,2721,0
2722,2722,15
2723,2723,13
2724,2724,18
2725,2725,13
2726,2726,7
2727,2727,11
2728,2728,0
2729,2729,4
2730,2730,4
2731,2731,15
2732,2732,10
2733,2733,5
2734,2734,4
2735,2735,11
2736,2736,7
2737,2737,6
2738,2738,7
2739,2739,2
2740,2740,15
2741,2741,15
2742,2742,0
2743,2743,3
2744,2744,6
2745,2745,10
2746,2746,18
2747,2747,1
2748,2748,9
2749,2749,7
2750,2750,14
2751,2751,15
2752,2752,14
2753,2753,10
2754,2754,13
2755,2755,2
2756,2756,15
2757,2757,16
2758,2758,18
2759,2759,5
2760,2760,17
2761,2761,13
2762,2762,15
2763,2763,17
2764,2764,17
2765,2765,1
2766,2766,11
2767,2767,0
2768,2768,8
2769,2769,15
2770,2770,11
2771,2771,10
2772,2772,12
2773,2773,16
2774,2774,11
2775,2775,19
2776,2776,9
2777,2777,12
2778,2778,3
2779,2779,13
2780,2780,0
2781,2781,10
2782,2782,11
2783,2783,6
2784,2784,10
2785,2785,13
2786,2786,2
2787,2787,4
2788,2788,11
2789,2789,11
2790,2790,4
2791,2791,7
2792,2792,9
2793,2793,4
2794,2794,9
2795,2795,7
2796,2796,13
2797,2797,14
2798,2798,1
2799,2799,14
2800,2800,19
2801,2801,18
2802,2802,13
2803,2803,9
2804,2804,14
2805,2805,6
2806,2806,13
2807,2807,15
2808,2808,12
2809,2809,17
2810,2810,13
2811,2811,0
2812,2812,13
2813,2813,17
2814,2814,1
2815,2815,10
2816,2816,1
2817,2817,3
2818,2818,0
2819,2819,19
2820,2820,9
2821,2821,3
2822,2822,12
2823,2823,13
2824,2824,16
2825,2825,13
2826,2826,0
2827,2827,4
2828,2828,1
2829,2829,16
2830,2830,15
2831,2831,7
2832,2832,9
2833,2833,1
2834,2834,5
2835,2835,13
2836,2836,8
2837,2837,8
2838,2838,11
2839,2839,7
2840,2840,16
2841,2841,13
2842,2842,10
2843,2843,15
2844,2844,10
2845,2845,13
2846,2846,9
2847,2847,8
2848,2848,13
2849,2849,3
2850,2850,14
2851,2851,17
2852,2852,16
2853,2853,7
2854,2854,7
2855,2855,8
2856,2856,17
2857,2857,0
2858,2858,13
2859,2859,10
2860,2860,12
2861,2861,10
2862,2862,0
2863,2863,1
2864,2864,10
2865,2865,9
2866,2866,12
2867,2867,4
2868,2868,12
2869,2869,12
2870,2870,13
2871,2871,9
2872,2872,13
2873,2873,19
2874,2874,3
2875,2875,16
2876,2876,11
2877,2877,14
2878,2878,0
2879,2879,7
2880,2880,11
2881,2881,8
2882,2882,11
2883,2883,5
2884,2884,12
2885,2885,8
2886,2886,9
2887,2887,6
2888,2888,13
2889,2889,7
2890,2890,16
2891,2891,14
2892,2892,12
2893,2893,7
2894,2894,12
2895,2895,17
2896,2896,6
2897,2897,1
2898,2898,5
2899,2899,1
2900,2900,9
2901,2901,0
2902,2902,2
2903,2903,16
2904,2904,0
2905,2905,13
2906,2906,19
2907,2907,11
2908,2908,0
2909,2909,9
2910,2910,14
2911,2911,9
2912,2912,10
2913,2913,13
2914,2914,13
2915,2915,14
2916,2916,0
2917,2917,14
2918,2918,18
2919,2919,5
2920,2920,2
2921,2921,10
2922,2922,0
2923,2923,14
2924,2924,15
2925,2925,10
2926,2926,10
2927,2927,11
2928,2928,12
2929,2929,19
2930,2930,12
2931,2931,12
2932,2932,5
2933,2933,11
2934,2934,6
2935,2935,5
2936,2936,6
2937,2937,17
2938,2938,18
2939,2939,2
2940,2940,10
2941,2941,8
2942,2942,1
2943,2943,18
2944,2944,4
2945,2945,15
2946,2946,2
2947,2947,14
2948,2948,14
2949,2949,18
2950,2950,12
2951,2951,18
2952,2952,4
2953,2953,14
2954,2954,8
2955,2955,4
2956,2956,6
2957,2957,7
2958,2958,18
2959,2959,9
2960,2960,5
2961,2961,15
2962,2962,16
2963,2963,10
2964,2964,13
2965,2965,14
2966,2966,10
2967,2967,10
2968,2968,14
2969,2969,17
2970,2970,17
2971,2971,0
2972,2972,15
2973,2973,17
2974,2974,5
2975,2975,9
2976,2976,7
2977,2977,13
2978,2978,16
2979,2979,2
2980,2980,9
2981,2981,9
2982,2982,14
2983,2983,2
2984,2984,5
2985,2985,4
2986,2986,7
2987,2987,9
2988,2988,14
2989,2989,2
2990,2990,19
2991,2991,3
2992,2992,1
2993,2993,1
2994,2994,14
2995,2995,2
2996,2996,17
2997,2997,6
2998,2998,1
2999,2999,7
3000,3000,11
3001,3001,5
3002,3002,15
3003,3003,10
3004,3004,13
3005,3005,12
3006,3006,8
3007,3007,6
3008,3008,16
3009,3009,16
3010,3010,6
3011,3011,5
3012,3012,1
3013,3013,2
3014,3014,11
3015,3015,2
3016,3016,8
3017,3017,4
3018,3018,1
3019,3019,10
3020,3020,4
3021,3021,12
3022,3022,15
3023,3023,3
3024,3024,3
3025,3025,18
3026,3026,15
3027,3027,4
3028,3028,14
3029,3029,4
3030,3030,6
3031,3031,12
3032,3032,19
3033,3033,18
3034,3034,10
3035,3035,4
3036,3036,4
3037,3037,16
3038,3038,8
3039,3039,2
3040,3040,15
3041,3041,8
3042,3042,6
3043,3043,9
3044,3044,17
3045,3045,11
3046,3046,13
3047,3047,17
3048,3048,9
3049,3049,12
3050,3050,14
3051,3051,19
3052,3052,10
3053,3053,3
3054,3054,15
3055,3055,19
3056,3056,1
3057,3057,2
3058,3058,4
3059,3059,10
3060,3060,16
3061,3061,12
3062,3062,1
3063,3063,1
3064,3064,11
3065,3065,6
3066,3066,0
3067,3067,16
3068,3068,0
3069,3069,19
3070,3070,19
3071,3071,8
3072,3072,12
3073,3073,16
3074,3074,2
3075,3075,11
3076,3076,11
3077,3077,2
3078,3078,7
3079,3079,7
3080,3080,13
3081,3081,6
3082,3082,19
3083,3083,10
3084,3084,15
3085,3085,3
3086,3086,13
3087,3087,14
3088,3088,2
3089,3089,2
3090,3090,1
3091,3091,13
3092,3092,14
3093,3093,0
3094,3094,5
3095,3095,3
3096,3096,9
3097,3097,18
3098,3098,5
3099,3099,16
3100,3100,12
3101,3101,17
3102,3102,10
3103,3103,2
3104,3104,16
3105,3105,0
3106,3106,6
3107,3107,12
3108,3108,14
3109,3109,5
3110,3110,12
3111,3111,14
3112,3112,0
3113,3113,17
3114,3114,9
3115,3115,8
3116,3116,14
3117,3117,10
3118,3118,18
3119,3119,11
3120,3120,8
3121,3121,17
3122,3122,10
3123,3123,5
3124,3124,16
3125,3125,12
3126,3126,2
3127,3127,6
3128,3128,9
3129,3129,16
3130,3130,1
3131,3131,16
3132,3132,4
3133,3133,2
3134,3134,1
3135,3135,2
3136,3136,4
3137,3137,11
3138,3138,16
3139,3139,18
3140,3140,0
3141,3141,10
3142,3142,0
3143,3143,2
3144,3144,15
3145,3145,4
3146,3146,3
3147,3147,2
3148,3148,2
3149,3149,15
3150,3150,7
3151,3151,12
3152,3152,8
3153,3153,5
3154,3154,11
3155,3155,12
3156,3156,7
3157,3157,11
3158,3158,8
3159,3159,17
3160,3160,13
3161,3161,11
3162,3162,0
3163,3163,19
3164,3164,18
3165,3165,17
3166,3166,13
3167,3167,5
3168,3168,8
3169,3169,4
3170,3170,0
3171,3171,19
3172,3172,13
3173,3173,12
3174,3174,8
3175,3175,17
3176,3176,16
3177,3177,17
3178,3178,6
3179,3179,0
3180,3180,7
3181,3181,14
3182,3182,11
3183,3183,12
3184,3184,7
3185,3185,2
3186,3186,15
3187,3187,17
3188,3188,15
3189,3189,8
3190,3190,0
3191,3191,5
3192,3192,10
3193,3193,0
3194,3194,19
3195,3195,14
3196,3196,3
3197,3197,1
3198,3198,18
3199,3199,5
3200,3200,2
3201,3201,7
3202,3202,10
3203,3203,17
3204,3204,4
3205,3205,6
3206,3206,5
3207,3207,1
3208,3208,13
3209,3209,11
3210,3210,3
3211,3211,13
3212,3212,18
3213,3213,2
3214,3214,2
3215,3215,17
3216,3216,10
3217,3217,6
3218,3218,18
3219,3219,4
3220,3220,10
3221,3221,1
3222,3222,8
3223,3223,16
3224,3224,17
3225,3225,8
3226,3226,6
3227,3227,3
3228,3228,19
3229,3229,17
3230,3230,6
3231,3231,1
3232,3232,1
3233,3233,8
3234,3234,8
3235,3235,0
3236,3236,1
3237,3237,7
3238,3238,5
3239,3239,14
3240,3240,14
3241,3241,0
3242,3242,3
3243,3243,7
3244,3244,2
3245,3245,7
3246,3246,8
3247,3247,13
3248,3248,12
3249,3249,1
3250,3250,18
3251,3251,5
3252,3252,6
3253,3253,8
3254,3254,17
3255,3255,17
3256,3256,4
3257,3257,12
3258,3258,3
3259,3259,7
3260,3260,4
3261,3261,5
3262,3262,0
3263,3263,4
3264,3264,9
3265,3265,9
3266,3266,19
3267,3267,13
3268,3268,9
3269,3269,12
3270,3270,7
3271,3271,12
3272,3272,7
3273,3273,14
3274,3274,7
3275,3275,18
3276,3276,10
3277,3277,0
3278,3278,18
3279,3279,12
3280,3280,16
3281,3281,8
3282,3282,7
3283,3283,18
3284,3284,5
3285,3285,11
3286,3286,3
3287,3287,12
3288,3288,3
3289,3289,14
3290,3290,9
3291,3291,2
3292,3292,11
3293,3293,16
3294,3294,19
3295,3295,8
3296,3296,14
3297,3297,0
3298,3298,9
3299,3299,9
3300,3300,0
3301,3301,16
3302,3302,6
3303,3303,2
3304,3304,8
3305,3305,12
3306,3306,0
3307,3307,11
3308,3308,14
3309,3309,11
3310,3310,3
3311,3311,11
3312,3312,18
3313,3313,16
3314,3314,5
3315,3315,2
3316,3316,9
3317,3317,8
3318,3318,12
3319,3319,3
3320,3320,4
3321,3321,11
3322,3322,8
3323,3323,6
3324,3324,9
3325,3325,4
3326,3326,12
3327,3327,18
3328,3328,10
3329,3329,6
3330,3330,7
3331,3331,12
3332,3332,0
3333,3333,16
3334,3334,10
3335,3335,14
3336,3336,1
3337,3337,9
3338,3338,6
3339,3339,12
3340,3340,11
3341,3341,1
3342,3342,15
3343,3343,1
3344,3344,1
3345,3345,10
3346,3346,5
3347,3347,15
3348,3348,1
3349,3349,5
3350,3350,9
3351,3351,8
3352,3352,1
3353,3353,4
3354,3354,19
3355,3355,16
3356,3356,13
3357,3357,7
3358,3358,17
3359,3359,12
3360,3360,17
3361,3361,19
3362,3362,2
3363,3363,16
3364,3364,9
3365,3365,2
3366,3366,1
3367,3367,0
3368,3368,9
3369,3369,12
3370,3370,6
3371,3371,6
3372,3372,11
3373,3373,10
3374,3374,13
3375,3375,4
3376,3376,5
3377,3377,6
3378,3378,0
3379,3379,5
3380,3380,8
3381,3381,2
3382,3382,18
3383,3383,0
3384,3384,10
3385,3385,19
3386,3386,2
3387,3387,9
3388,3388,1
3389,3389,3
3390,3390,3
3391,3391,0
3392,3392,0
3393,3393,6
3394,3394,11
3395,3395,4
3396,3396,4
3397,3397,6
3398,3398,4
3399,3399,17
3400,3400,0
3401,3401,13
3402,3402,8
3403,3403,2
3404,3404,17
3405,3405,6
3406,3406,18
3407,3407,15
3408,3408,0
3409,3409,2
3410,3410,15
3411,3411,9
3412,3412,12
3413,3413,7
3414,3414,0
3415,3415,5
3416,3416,7
3417,3417,3
3418,3418,2
3419,3419,2
3420,3420,11
3421,3421,8
3422,3422,15
3423,3423,7
3424,3424,10
3425,3425,14
3426,3426,3
3427,3427,16
3428,3428,8
3429,3429,18
3430,3430,12
3431,3431,17
3432,3432,11
3433,3433,12
3434,3434,7
3435,3435,2
3436,3436,18
3437,3437,14
3438,3438,12
3439,3439,3
3440,3440,12
3441,3441,0
3442,3442,6
3443,3443,5
3444,3444,2
3445,3445,0
3446,3446,6
3447,3447,15
3448,3448,16
3449,3449,16
3450,3450,16
3451,3451,15
3452,3452,10
3453,3453,5
3454,3454,2
3455,3455,19
3456,3456,17
3457,3457,11
3458,3458,11
3459,3459,17
3460,3460,9
3461,3461,18
3462,3462,12
3463,3463,1
3464,3464,17
3465,3465,7
3466,3466,17
3467,3467,2
3468,3468,0
3469,3469,3
3470,3470,10
3471,3471,15
3472,3472,19
3473,3473,16
3474,3474,1
3475,3475,15
3476,3476,14
3477,3477,2
3478,3478,19
3479,3479,2
3480,3480,15
3481,3481,4
3482,3482,8
3483,3483,11
3484,3484,6
3485,3485,1
3486,3486,7
3487,3487,3
3488,3488,10
3489,3489,3
3490,3490,12
3491,3491,7
3492,3492,2
3493,3493,18
3494,3494,3
3495,3495,1
3496,3496,4
3497,3497,8
3498,3498,0
3499,3499,5
3500,3500,8
3501,3501,7
3502,3502,17
3503,3503,2
3504,3504,17
3505,3505,6
3506,3506,7
3507,3507,15
3508,3508,4
3509,3509,12
3510,3510,4
3511,3511,7
3512,3512,5
3513,3513,6
3514,3514,11
3515,3515,13
3516,3516,0
3517,3517,11
3518,3518,15
3519,3519,16
3520,3520,7
3521,3521,5
3522,3522,10
3523,3523,15
3524,3524,5
3525,3525,11
3526,3526,12
3527,3527,13
3528,3528,8
3529,3529,19
3530,3530,10
3531,3531,5
3532,3532,7
3533,3533,13
3534,3534,18
3535,3535,12
3536,3536,9
3537,3537,1
3538,3538,13
3539,3539,11
3540,3540,8
3541,3541,6
3542,3542,9
3543,3543,12
3544,3544,15
3545,3545,0
3546,3546,0
3547,3547,9
3548,3548,12
3549,3549,14
3550,3550,10
3551,3551,6
3552,3552,5
3553,3553,7
3554,3554,6
3555,3555,11
3556,3556,3
3557,3557,13
3558,3558,16
3559,3559,6
3560,3560,15
3561,3561,3
3562,3562,11
3563,3563,15
3564,3564,16
3565,3565,4
3566,3566,5
3567,3567,13
3568,3568,3
3569,3569,17
3570,3570,15
3571,3571,5
3572,3572,12
3573,3573,18
3574,3574,4
3575,3575,1
3576,3576,12
3577,3577,0
3578,3578,11
3579,3579,18
3580,3580,14
3581,3581,1
3582,3582,7
3583,3583,13
3584,3584,17
3585,3585,8
3586,3586,18
3587,3587,4
3588,3588,5
3589,3589,14
3590,3590,8
3591,3591,19
3592,3592,15
3593,3593,2
3594,3594,1
3595,3595,11
3596,3596,15
3597,3597,12
3598,3598,10
3599,3599,4
3600,3600,14
3601,3601,16
3602,3602,11
3603,3603,13
3604,3604,19
3605,3605,13
3606,3606,19
3607,3607,10
3608,3608,14
3609,3609,10
3610,3610,2
3611,3611,17
3612,3612,18
3613,3613,16
3614,3614,15
3615,3615,8
3616,3616,8
3617,3617,17
3618,3618,5
3619,3619,7
3620,3620,12
3621,3621,13
3622,3622,3
3623,3623,4
3624,3624,8
3625,3625,12
3626,3626,18
3627,3627,2
3628,3628,17
3629,3629,2
3630,3630,6
3631,3631,12
3632,3632,11
3633,3633,7
3634,3634,13
3635,3635,10
3636,3636,15
3637,3637,11
3638,3638,2
3639,3639,8
3640,3640,6
3641,3641,17
3642,3642,18
3643,3643,3
3644,3644,15
3645,3645,4
3646,3646,17
3647,3647,7
3648,3648,18
3649,3649,0
3650,3650,10
3651,3651,14
3652,3652,10
3653,3653,2
3654,3654,5
3655,3655,6
3656,3656,12
3657,3657,4
3658,3658,1
3659,3659,4
3660,3660,16
3661,3661,12
3662,3662,16
3663,3663,5
3664,3664,7
3665,3665,4
3666,3666,4
3667,3667,5
3668,3668,7
3669,3669,15
3670,3670,14
3671,3671,6
3672,3672,15
3673,3673,0
3674,3674,1
3675,3675,9
3676,3676,10
3677,3677,1
3678,3678,5
3679,3679,17
3680,3680,5
3681,3681,14
3682,3682,1
3683,3683,18
3684,3684,15
3685,3685,5
3686,3686,4
3687,3687,16
3688,3688,7
3689,3689,15
3690,3690,13
3691,3691,1
3692,3692,8
3693,3693,3
3694,3694,5
3695,3695,1
3696,3696,15
3697,3697,7
3698,3698,3
3699,3699,5
3700,3700,9
3701,3701,11
3702,3702,7
3703,3703,7
3704,3704,15
3705,3705,6
3706,3706,11
3707,3707,16
3708,3708,7
3709,3709,1
3710,3710,3
3711,3711,14
3712,3712,10
3713,3713,9
3714,3714,14
3715,3715,8
3716,3716,0
3717,3717,17
3718,3718,3
3719,3719,2
3720,3720,12
3721,3721,1
3722,3722,2
3723,3723,15
3724,3724,14
3725,3725,16
3726,3726,7
3727,3727,14
3728,3728,12
3729,3729,11
3730,3730,10
3731,3731,15
3732,3732,14
3733,3733,15
3734,3734,9
3735,3735,12
3736,3736,8
3737,3737,11
3738,3738,2
3739,3739,7
3740,3740,6
3741,3741,5
3742,3742,0
3743,3743,10
3744,3744,11
3745,3745,12
3746,3746,9
3747,3747,6
3748,3748,15
3749,3749,17
3750,3750,8
3751,3751,0
3752,3752,3
3753,3753,6
3754,3754,16
3755,3755,19
3756,3756,10
3757,3757,7
3758,3758,14
3759,3759,19
3760,3760,2
3761,3761,15
3762,3762,10
3763,3763,2
3764,3764,8
3765,3765,10
3766,3766,0
3767,3767,1
3768,3768,15
3769,3769,3
3770,3770,10
3771,3771,18
3772,3772,9
3773,3773,15
3774,3774,8
3775,3775,0
3776,3776,1
3777,3777,13
3778,3778,12
3779,3779,1
3780,3780,12
3781,3781,18
3782,3782,5
3783,3783,0
3784,3784,13
3785,3785,2
3786,3786,10
3787,3787,5
3788,3788,0
3789,3789,8
3790,3790,18
3791,3791,7
3792,3792,16
3793,3793,2
3794,3794,4
3795,3795,16
3796,3796,2
3797,3797,1
3798,3798,16
3799,3799,0
3800,3800,9
3801,3801,3
3802,3802,3
3803,3803,9
3804,3804,15
3805,3805,7
3806,3806,11
3807,3807,16
3808,3808,18
3809,3809,14
3810,3810,17
3811,3811,17
3812,3812,15
3813,3813,1
3814,3814,8
3815,3815,3
3816,3816,7
3817,3817,14
3818,3818,6
3819,3819,4
3820,3820,9
3821,3821,5
3822,3822,15
3823,3823,19
3824,3824,18
3825,3825,17
3826,3826,18
3827,3827,8
3828,3828,15
3829,3829,10
3830,3830,17
3831,3831,16
3832,3832,16
3833,3833,16
3834,3834,16
3835,3835,7
3836,3836,10
3837,3837,17
3838,3838,18
3839,3839,17
3840,3840,10
3841,3841,11
3842,3842,2
3843,3843,6
3844,3844,17
3845,3845,4
3846,3846,1
3847,3847,3
3848,3848,9
3849,3849,4
3850,3850,5
3851,3851,12
3852,3852,17
3853,3853,4
3854,3854,5
3855,3855,7
3856,3856,15
3857,3857,10
3858,3858,10
3859,3859,11
3860,3860,1
3861,3861,7
3862,3862,6
3863,3863,4
3864,3864,16
3865,3865,11
3866,3866,2
3867,3867,10
3868,3868,11
3869,3869,17
3870,3870,15
3871,3871,14
3872,3872,18
3873,3873,11
3874,3874,8
3875,3875,2
3876,3876,16
3877,3877,7
3878,3878,13
3879,3879,1
3880,3880,10
3881,3881,2
3882,3882,13
3883,3883,14
3884,3884,18
3885,3885,9
3886,3886,10
3887,3887,3
3888,3888,4
3889,3889,13
3890,3890,1
3891,3891,13
3892,3892,5
3893,3893,18
3894,3894,7
3895,3895,1
3896,3896,13
3897,3897,11
3898,3898,11
3899,3899,13
3900,3900,15
3901,3901,2
3902,3902,6
3903,3903,16
3904,3904,19
3905,3905,12
3906,3906,15
3907,3907,11
3908,3908,19
3909,3909,3
3910,3910,18
3911,3911,15
3912,3912,4
3913,3913,11
3914,3914,8
3915,3915,9
3916,3916,15
3917,3917,0
3918,3918,4
3919,3919,5
3920,3920,11
3921,3921,11
3922,3922,5
3923,3923,10
3924,3924,18
3925,3925,6
3926,3926,19
3927,3927,15
3928,3928,7
3929,3929,7
3930,3930,2
3931,3931,6
3932,3932,17
3933,3933,7
3934,3934,13
3935,3935,12
3936,3936,0
3937,3937,7
3938,3938,7
3939,3939,11
3940,3940,9
3941,3941,2
3942,3942,15
3943,3943,4
3944,3944,0
3945,3945,4
3946,3946,0
3947,3947,18
3948,3948,18
3949,3949,16
3950,3950,16
3951,3951,13
3952,3952,13
3953,3953,7
3954,3954,15
3955,3955,2
3956,3956,4
3957,3957,8
3958,3958,5
3959,3959,6
3960,3960,0
3961,3961,17
3962,3962,5
3963,3963,9
3964,3964,2
3965,3965,17
3966,3966,6
3967,3967,3
3968,3968,15
3969,3969,7
3970,3970,7
3971,3971,2
3972,3972,14
3973,3973,15
3974,3974,4
3975,3975,11
3976,3976,12
3977,3977,4
3978,3978,16
3979,3979,18
3980,3980,7
3981,3981,1
3982,3982,10
3983,3983,5
3984,3984,13
3985,3985,3
3986,3986,19
3987,3987,6
3988,3988,16
3989,3989,11
3990,3990,2
3991,3991,12
3992,3992,11
3993,3993,7
3994,3994,5
3995,3995,18
3996,3996,10
3997,3997,4
3998,3998,3
3999,3999,12
4000,4000,14
4001,4001,8
4002,4002,5
4003,4003,14
4004,4004,3
4005,4005,3
4006,4006,3
4007,4007,18
4008,4008,13
4009,4009,19
4010,4010,13
4011,4011,7
4012,4012,14
4013,4013,4
4014,4014,6
4015,4015,0
4016,4016,3
4017,4017,2
4018,4018,3
4019,4019,5
4020,4020,4
4021,4021,13
4022,4022,17
4023,4023,16
4024,4024,4
4025,4025,19
4026,4026,14
4027,4027,19
4028,4028,11
4029,4029,14
4030,4030,11
4031,4031,12
4032,4032,11
4033,4033,4
4034,4034,7
4035,4035,19
4036,4036,17
4037,4037,1
4038,4038,6
4039,4039,3
4040,4040,15
4041,4041,14
4042,4042,16
4043,4043,12
4044,4044,15
4045,4045,12
4046,4046,8
4047,4047,13
4048,4048,19
4049,4049,7
4050,4050,19
4051,4051,11
4052,4052,1
4053,4053,0
4054,4054,19
4055,4055,2
4056,4056,1
4057,4057,2
4058,4058,15
4059,4059,16
4060,4060,15
4061,4061,16
4062,4062,12
4063,4063,19
4064,4064,19
4065,4065,7
4066,4066,1
4067,4067,7
4068,4068,6
4069,4069,15
4070,4070,15
4071,4071,3
4072,4072,17
4073,4073,17
4074,4074,15
4075,4075,10
4076,4076,10
4077,4077,16
4078,4078,14
4079,4079,11
4080,4080,10
4081,4081,3
4082,4082,5
4083,4083,6
4084,4084,11
4085,4085,3
4086,4086,17
4087,4087,12
4088,4088,5
4089,4089,0
4090,4090,3
4091,4091,16
4092,4092,15
4093,4093,11
4094,4094,7
4095,4095,9
4096,4096,17
4097,4097,8
4098,4098,14
4099,4099,15
4100,4100,3
4101,4101,16
4102,4102,12
4103,4103,15
4104,4104,6
4105,4105,3
4106,4106,4
4107,4107,10
4108,4108,11
4109,4109,0
4110,4110,2
4111,4111,0
4112,4112,8
4113,4113,6
4114,4114,11
4115,4115,9
4116,4116,13
4117,4117,12
4118,4118,6
4119,4119,17
4120,4120,10
4121,4121,3
4122,4122,17
4123,4123,10
4124,4124,3
4125,4125,1
4126,4126,7
4127,4127,5
4128,4128,18
4129,4129,19
4130,4130,8
4131,4131,19
4132,4132,0
4133,4133,8
4134,4134,9
4135,4135,4
4136,4136,5
4137,4137,10
4138,4138,8
4139,4139,10
4140,4140,8
4141,4141,16
4142,4142,14
4143,4143,16
4144,4144,6
4145,4145,17
4146,4146,19
4147,4147,6
4148,4148,17
4149,4149,14
4150,4150,13
4151,4151,18
4152,4152,10
4153,4153,8
4154,4154,9
4155,4155,8
4156,4156,11
4157,4157,7
4158,4158,18
4159,4159,5
4160,4160,11
4161,4161,19
4162,4162,3
4163,4163,16
4164,4164,10
4165,4165,0
4166,4166,3
4167,4167,4
4168,4168,4
4169,4169,3
4170,4170,8
4171,4171,9
4172,4172,16
4173,4173,11
4174,4174,11
4175,4175,0
4176,4176,5
4177,4177,8
4178,4178,17
4179,4179,8
4180,4180,2
4181,4181,6
4182,4182,1
4183,4183,19
4184,4184,3
4185,4185,2
4186,4186,6
4187,4187,11
4188,4188,7
4189,4189,3
4190,4190,14
4191,4191,0
4192,4192,4
4193,4193,11
4194,4194,13
4195,4195,10
4196,4196,4
4197,4197,14
4198,4198,2
4199,4199,9
4200,4200,19
4201,4201,10
4202,4202,7
4203,4203,8
4204,4204,12
4205,4205,15
4206,4206,18
4207,4207,13
4208,4208,12
4209,4209,7
4210,4210,17
4211,4211,16
4212,4212,17
4213,4213,17
4214,4214,4
4215,4215,7
4216,4216,13
4217,4217,6
4218,4218,1
4219,4219,12
4220,4220,9
4221,4221,4
4222,4222,13
4223,4223,10
4224,4224,13
4225,4225,7
4226,4226,4
4227,4227,13
4228,4228,6
4229,4229,12
4230,4230,14
4231,4231,12
4232,4232,12
4233,4233,1
4234,4234,13
4235,4235,17
4236,4236,3
4237,4237,18
4238,4238,11
4239,4239,14
4240,4240,13
4241,4241,17
4242,4242,6
4243,4243,0
4244,4244,19
4245,4245,11
4246,4246,14
4247,4247,12
4248,4248,19
4249,4249,15
4250,4250,5
4251,4251,12
4252,4252,19
4253,4253,2
4254,4254,18
4255,4255,17
4256,4256,15
4257,4257,2
4258,4258,0
4259,4259,6
4260,4260,1
4261,4261,4
4262,4262,3
4263,4263,1
4264,4264,1
4265,4265,14
4266,4266,18
4267,4267,12
4268,4268,12
4269,4269,14
4270,4270,11
4271,4271,10
4272,4272,4
4273,4273,14
4274,4274,6
4275,4275,8
4276,4276,5
4277,4277,0
4278,4278,5
4279,4279,5
4280,4280,2
4281,4281,15
4282,4282,1
4283,4283,12
4284,4284,19
4285,4285,4
4286,4286,12
4287,4287,2
4288,4288,8
4289,4289,19
4290,4290,13
4291,4291,4
4292,4292,6
4293,4293,18
4294,4294,6
4295,4295,9
4296,4296,1
4297,4297,12
4298,4298,13
4299,4299,12
4300,4300,5
4301,4301,1
4302,4302,6
4303,4303,2
4304,4304,10
4305,4305,5
4306,4306,11
4307,4307,16
4308,4308,15
4309,4309,6
4310,4310,9
4311,4311,4
4312,4312,13
4313,4313,15
4314,4314,1
4315,4315,13
4316,4316,2
4317,4317,15
4318,4318,8
4319,4319,13
4320,4320,17
4321,4321,13
4322,4322,4
4323,4323,2
4324,4324,16
4325,4325,14
4326,4326,16
4327,4327,6
4328,4328,18
4329,4329,14
4330,4330,1
4331,4331,2
4332,4332,18
4333,4333,17
4334,4334,3
4335,4335,19
4336,4336,1
4337,4337,11
4338,4338,18
4339,4339,9
4340,4340,3
4341,4341,2
4342,4342,18
4343,4343,15
4344,4344,11
4345,4345,18
4346,4346,10
4347,4347,10
4348,4348,1
4349,4349,15
4350,4350,9
4351,4351,8
4352,4352,9
4353,4353,4
4354,4354,11
4355,4355,3
4356,4356,6
4357,4357,17
4358,4358,14
4359,4359,14
4360,4360,3
4361,4361,14
4362,4362,14
4363,4363,16
4364,4364,5
4365,4365,17
4366,4366,10
4367,4367,1
4368,4368,19
4369,4369,4
4370,4370,2
4371,4371,2
4372,4372,11
4373,4373,6
4374,4374,1
4375,4375,13
4376,4376,17
4377,4377,11
4378,4378,3
4379,4379,6
4380,4380,2
4381,4381,1
4382,4382,10
4383,4383,11
4384,4384,17
4385,4385,16
4386,4386,19
4387,4387,10
4388,4388,8
4389,4389,11
4390,4390,7
4391,4391,1
4392,4392,11
4393,4393,16
4394,4394,4
4395,4395,1
4396,4396,5
4397,4397,13
4398,4398,17
4399,4399,18
4400,4400,3
4401,4401,11
4402,4402,15
4403,4403,7
4404,4404,15
4405,4405,0
4406,4406,2
4407,4407,14
4408,4408,2
4409,4409,16
4410,4410,7
4411,4411,3
4412,4412,15
4413,4413,3
4414,4414,9
4415,4415,17
4416,4416,1
4417,4417,15
4418,4418,1
4419,4419,8
4420,4420,13
4421,4421,15
4422,4422,17
4423,4423,8
4424,4424,6
4425,4425,7
4426,4426,18
4427,4427,15
4428,4428,1
4429,4429,2
4430,4430,1
4431,4431,18
4432,4432,11
4433,4433,15
4434,4434,15
4435,4435,16
4436,4436,17
4437,4437,4
4438,4438,5
4439,4439,17
4440,4440,17
4441,4441,14
4442,4442,0
4443,4443,2
4444,4444,11
4445,4445,10
4446,4446,16
4447,4447,2
4448,4448,14
4449,4449,1
4450,4450,1
4451,4451,14
4452,4452,12
4453,4453,15
4454,4454,16
4455,4455,7
4456,4456,14
4457,4457,16
4458,4458,8
4459,4459,4
4460,4460,12
4461,4461,1
4462,4462,14
4463,4463,15
4464,4464,6
4465,4465,6
4466,4466,10
4467,4467,12
4468,4468,11
4469,4469,5
4470,4470,17
4471,4471,2
4472,4472,7
4473,4473,6
4474,4474,1
4475,4475,16
4476,4476,12
4477,4477,12
4478,4478,7
4479,4479,5
4480,4480,9
4481,4481,5
4482,4482,15
4483,4483,16
4484,4484,11
4485,4485,13
4486,4486,13
4487,4487,3
4488,4488,7
4489,4489,6
4490,4490,0
4491,4491,10
4492,4492,17
4493,4493,2
4494,4494,14
4495,4495,1
4496,4496,15
4497,4497,2
4498,4498,4
4499,4499,12
4500,4500,8
4501,4501,5
4502,4502,2
4503,4503,13
4504,4504,6
4505,4505,2
4506,4506,19
4507,4507,6
4508,4508,16
4509,4509,6
4510,4510,12
4511,4511,3
4512,4512,12
4513,4513,7
4514,4514,2
4515,4515,14
4516,4516,17
4517,4517,19
4518,4518,2
4519,4519,9
4520,4520,0
4521,4521,3
4522,4522,2
4523,4523,4
4524,4524,13
4525,4525,10
4526,4526,11
4527,4527,8
4528,4528,13
4529,4529,9
4530,4530,3
4531,4531,0
4532,4532,4
4533,4533,2
4534,4534,0
4535,4535,18
4536,4536,9
4537,4537,11
4538,4538,0
4539,4539,19
4540,4540,5
4541,4541,5
4542,4542,3
4543,4543,18
4544,4544,1
4545,4545,6
4546,4546,1
4547,4547,13
4548,4548,9
4549,4549,16
4550,4550,8
4551,4551,4
4552,4552,7
4553,4553,2
4554,4554,9
4555,4555,14
4556,4556,13
4557,4557,12
4558,4558,3
4559,4559,13
4560,4560,8
4561,4561,13
4562,4562,3
4563,4563,1
4564,4564,9
4565,4565,5
4566,4566,5
4567,4567,12
4568,4568,9
4569,4569,12
4570,4570,10
4571,4571,4
4572,4572,15
4573,4573,8
4574,4574,3
4575,4575,12
4576,4576,1
4577,4577,0
4578,4578,6
4579,4579,3
4580,4580,12
4581,4581,19
4582,4582,4
4583,4583,8
4584,4584,3
4585,4585,13
4586,4586,19
4587,4587,11
4588,4588,19
4589,4589,17
4590,4590,10
4591,4591,2
4592,4592,6
4593,4593,4
4594,4594,6
4595,4595,6
4596,4596,3
4597,4597,5
4598,4598,16
4599,4599,18
4600,4600,16
4601,4601,0
4602,4602,3
4603,4603,16
4604,4604,4
4605,4605,0
4606,4606,13
4607,4607,10
4608,4608,10
4609,4609,4
4610,4610,8
4611,4611,1
4612,4612,6
4613,4613,19
4614,4614,14
4615,4615,10
4616,4616,3
4617,4617,14
4618,4618,6
4619,4619,17
4620,4620,1
4621,4621,12
4622,4622,5
4623,4623,11
4624,4624,14
4625,4625,19
4626,4626,14
4627,4627,9
4628,4628,2
4629,4629,10
4630,4630,13
4631,4631,19
4632,4632,9
4633,4633,13
4634,4634,9
4635,4635,19
4636,4636,11
4637,4637,5
4638,4638,3
4639,4639,11
4640,4640,1
4641,4641,6
4642,4642,4
4643,4643,4
4644,4644,12
4645,4645,10
4646,4646,16
4647,4647,5
4648,4648,6
4649,4649,4
4650,4650,14
4651,4651,4
4652,4652,0
4653,4653,8
4654,4654,15
4655,4655,3
4656,4656,19
4657,4657,1
4658,4658,1
4659,4659,11
4660,4660,16
4661,4661,13
4662,4662,6
4663,4663,14
4664,4664,17
4665,4665,8
4666,4666,0
4667,4667,6
4668,4668,19
4669,4669,16
4670,4670,6
4671,4671,12
4672,4672,6
4673,4673,11
4674,4674,16
4675,4675,16
4676,4676,10
4677,4677,10
4678,4678,3
4679,4679,19
4680,4680,15
4681,4681,0
4682,4682,6
4683,4683,8
4684,4684,16
4685,4685,12
4686,4686,9
4687,4687,7
4688,4688,8
4689,4689,15
4690,4690,18
4691,4691,9
4692,4692,2
4693,4693,6
4694,4694,19
4695,4695,8
4696,4696,14
4697,4697,16
4698,4698,10
4699,4699,7
4700,4700,1
4701,4701,3
4702,4702,10
4703,4703,14
4704,4704,12
4705,4705,14
4706,4706,13
4707,4707,17
4708,4708,2
4709,4709,8
4710,4710,13
4711,4711,3
4712,4712,18
4713,4713,10
4714,4714,8
4715,4715,7
4716,4716,9
4717,4717,10
4718,4718,16
4719,4719,3
4720,4720,11
4721,4721,14
4722,4722,12
4723,4723,7
4724,4724,19
4725,4725,13
4726,4726,12
4727,4727,12
4728,4728,17
4729,4729,11
4730,4730,14
4731,4731,17
4732,4732,4
4733,4733,2
4734,4734,6
4735,4735,5
4736,4736,6
4737,4737,3
4738,4738,8
4739,4739,8
4740,4740,8
4741,4741,8
4742,4742,16
4743,4743,3
4744,4744,8
4745,4745,3
4746,4746,2
4747,4747,2
4748,4748,10
4749,4749,13
4750,4750,11
4751,4751,3
4752,4752,3
4753,4753,14
4754,4754,7
4755,4755,10
4756,4756,11
4757,4757,15
4758,4758,0
4759,4759,4
4760,4760,3
4761,4761,13
4762,4762,15
4763,4763,16
4764,4764,9
4765,4765,8
4766,4766,17
4767,4767,2
4768,4768,18
4769,4769,3
4770,4770,10
4771,4771,5
4772,4772,16
4773,4773,1
4774,4774,15
4775,4775,8
4776,4776,0
4777,4777,2
4778,4778,2
4779,4779,6
4780,4780,14
4781,4781,10
4782,4782,8
4783,4783,15
4784,4784,0
4785,4785,6
4786,4786,10
4787,4787,13
4788,4788,15
4789,4789,19
4790,4790,18
4791,4791,14
4792,4792,8
4793,4793,9
4794,4794,5
4795,4795,13
4796,4796,11
4797,4797,3
4798,4798,5
4799,4799,5
4800,4800,0
4801,4801,15
4802,4802,18
4803,4803,15
4804,4804,2
4805,4805,1
4806,4806,5
4807,4807,13
4808,4808,9
4809,4809,1
4810,4810,9
4811,4811,14
4812,4812,14
4813,4813,8
4814,4814,15
4815,4815,0
4816,4816,11
4817,4817,7
4818,4818,15
4819,4819,18
4820,4820,3
4821,4821,2
4822,4822,15
4823,4823,3
4824,4824,5
4825,4825,15
4826,4826,8
4827,4827,6
4828,4828,13
4829,4829,7
4830,4830,18
4831,4831,18
4832,4832,7
4833,4833,8
4834,4834,10
4835,4835,13
4836,4836,13
4837,4837,1
4838,4838,9
4839,4839,8
4840,4840,12
4841,4841,10
4842,4842,13
4843,4843,15
4844,4844,8
4845,4845,7
4846,4846,8
4847,4847,12
4848,4848,12
4849,4849,0
4850,4850,14
4851,4851,18
4852,4852,1
4853,4853,0
4854,4854,11
4855,4855,3
4856,4856,18
4857,4857,3
4858,4858,3
4859,4859,0
4860,4860,14
4861,4861,8
4862,4862,1
4863,4863,2
4864,4864,14
4865,4865,9
4866,4866,12
4867,4867,19
4868,4868,17
4869,4869,11
4870,4870,1
4871,4871,0
4872,4872,12
4873,4873,17
4874,4874,18
4875,4875,0
4876,4876,8
4877,4877,9
4878,4878,8
4879,4879,11
4880,4880,9
4881,4881,17
4882,4882,8
4883,4883,17
4884,4884,15
4885,4885,1
4886,4886,6
4887,4887,6
4888,4888,16
4889,4889,7
4890,4890,13
4891,4891,11
4892,4892,11
4893,4893,1
4894,4894,11
4895,4895,13
4896,4896,15
4897,4897,13
4898,4898,11
4899,4899,13
4900,4900,5
4901,4901,7
4902,4902,12
4903,4903,7
4904,4904,15
4905,4905,8
4906,4906,16
4907,4907,14
4908,4908,0
4909,4909,13
4910,4910,18
4911,4911,9
4912,4912,4
4913,4913,4
4914,4914,17
4915,4915,1
4916,4916,0
4917,4917,6
4918,4918,13
4919,4919,13
4920,4920,9
4921,4921,16
4922,4922,9
4923,4923,17
4924,4924,2
4925,4925,14
4926,4926,5
4927,4927,13
4928,4928,16
4929,4929,19
4930,4930,8
4931,4931,17
4932,4932,18
4933,4933,12
4934,4934,7
4935,4935,3
4936,4936,9
4937,4937,7
4938,4938,10
4939,4939,13
4940,4940,18
4941,4941,12
4942,4942,15
4943,4943,5
4944,4944,5
4945,4945,1
4946,4946,18
4947,4947,18
4948,4948,4
4949,4949,13
4950,4950,18
4951,4951,13
4952,4952,2
4953,4953,11
4954,4954,4
4955,4955,18
4956,4956,4
4957,4957,3
4958,4958,9
4959,4959,1
4960,4960,9
4961,4961,16
4962,4962,5
4963,4963,0
4964,4964,12
4965,4965,14
4966,4966,10
4967,4967,11
4968,4968,9
4969,4969,6
4970,4970,13
4971,4971,4
4972,4972,15
4973,4973,13
4974,4974,13
4975,4975,7
4976,4976,19
4977,4977,18
4978,4978,14
4979,4979,3
4980,4980,4
4981,4981,15
4982,4982,11
4983,4983,5
4984,4984,8
4985,4985,6
4986,4986,15
4987,4987,14
4988,4988,8
4989,4989,0
4990,4990,17
4991,4991,15
4992,4992,14
4993,4993,17
4994,4994,19
4995,4995,13
4996,4996,17
4997,4997,0
4998,4998,14
4999,4999,17
5000,5000,2
5001,5001,17
5002,5002,19
5003,5003,9
5004,5004,14
5005,5005,2
5006,5006,10
5007,5007,19
5008,5008,8
5009,5009,16
5010,5010,14
5011,5011,8
5012,5012,12
5013,5013,15
5014,5014,5
5015,5015,15
5016,5016,18
5017,5017,17
5018,5018,13
5019,5019,1
5020,5020,0
5021,5021,10
5022,5022,16
5023,5023,14
5024,5024,2
5025,5025,5
5026,5026,10
5027,5027,0
5028,5028,10
5029,5029,5
5030,5030,0
5031,5031,7
5032,5032,18
5033,5033,4
5034,5034,11
5035,5035,3
5036,5036,2
5037,5037,6
5038,5038,17
5039,5039,15
5040,5040,19
5041,5041,10
5042,5042,15
5043,5043,3
5044,5044,12
5045,5045,1
5046,5046,7
5047,5047,10
5048,5048,4
5049,5049,7
5050,5050,17
5051,5051,13
5052,5052,13
5053,5053,14
5054,5054,1
5055,5055,2
5056,5056,11
5057,5057,6
5058,5058,17
5059,5059,16
5060,5060,1
5061,5061,9
5062,5062,9
5063,5063,13
5064,5064,1
5065,5065,11
5066,5066,15
5067,5067,17
5068,5068,13
5069,5069,14
5070,5070,6
5071,5071,16
5072,5072,8
5073,5073,6
5074,5074,0
5075,5075,3
5076,5076,2
5077,5077,11
5078,5078,13
5079,5079,7
5080,5080,12
5081,5081,9
5082,5082,8
5083,5083,4
5084,5084,2
5085,5085,4
5086,5086,10
5087,5087,17
5088,5088,9
5089,5089,4
5090,5090,15
5091,5091,7
5092,5092,5
5093,5093,12
5094,5094,8
5095,5095,10
5096,5096,13
5097,5097,13
5098,5098,5
5099,5099,1
5100,5100,7
5101,5101,5
5102,5102,15
5103,5103,4
5104,5104,9
5105,5105,18
5106,5106,18
5107,5107,4
5108,5108,16
5109,5109,5
5110,5110,10
5111,5111,0
5112,5112,12
5113,5113,3
5114,5114,1
5115,5115,15
5116,5116,16
5117,5117,2
5118,5118,5
5119,5119,8
5120,5120,1
5121,5121,0
5122,5122,5
5123,5123,13
5124,5124,5
5125,5125,13
5126,5126,2
5127,5127,8
5128,5128,19
5129,5129,18
5130,5130,10
5131,5131,7
5132,5132,17
5133,5133,15
5134,5134,5
5135,5135,16
5136,5136,11
5137,5137,3
5138,5138,2
5139,5139,4
5140,5140,18
5141,5141,5
5142,5142,17
5143,5143,1
5144,5144,10
5145,5145,17
5146,5146,14
5147,5147,12
5148,5148,11
5149,5149,3
5150,5150,11
5151,5151,13
5152,5152,13
5153,5153,0
5154,5154,7
5155,5155,12
5156,5156,5
5157,5157,17
5158,5158,15
5159,5159,1
5160,5160,7
5161,5161,18
5162,5162,18
5163,5163,3
5164,5164,16
5165,5165,14
5166,5166,17
5167,5167,10
5168,5168,15
5169,5169,14
5170,5170,2
5171,5171,8
5172,5172,3
5173,5173,16
5174,5174,6
5175,5175,10
5176,5176,10
5177,5177,1
5178,5178,3
5179,5179,15
5180,5180,3
5181,5181,11
5182,5182,17
5183,5183,0
5184,5184,10
5185,5185,8
5186,5186,11
5187,5187,7
5188,5188,1
5189,5189,19
5190,5190,3
5191,5191,15
5192,5192,11
5193,5193,17
5194,5194,8
5195,5195,12
5196,5196,5
5197,5197,7
5198,5198,12
5199,5199,11
5200,5200,4
5201,5201,3
5202,5202,8
5203,5203,11
5204,5204,2
5205,5205,18
5206,5206,9
5207,5207,5
5208,5208,3
5209,5209,17
5210,5210,19
5211,5211,1
5212,5212,2
5213,5213,7
5214,5214,1
5215,5215,12
5216,5216,14
5217,5217,15
5218,5218,13
5219,5219,10
5220,5220,8
5221,5221,13
5222,5222,16
5223,5223,19
5224,5224,2
5225,5225,9
5226,5226,11
5227,5227,4
5228,5228,0
5229,5229,14
5230,5230,11
5231,5231,5
5232,5232,14
5233,5233,10
5234,5234,13
5235,5235,18
5236,5236,4
5237,5237,12
5238,5238,14
5239,5239,1
5240,5240,0
5241,5241,14
5242,5242,17
5243,5243,15
5244,5244,6
5245,5245,7
5246,5246,12
5247,5247,10
5248,5248,18
5249,5249,6
5250,5250,9
5251,5251,13
5252,5252,15
5253,5253,13
5254,5254,9
5255,5255,12
5256,5256,15
5257,5257,9
5258,5258,14
5259,5259,5
5260,5260,8
5261,5261,18
5262,5262,8
5263,5263,17
5264,5264,16
5265,5265,6
5266,5266,1
5267,5267,3
5268,5268,9
5269,5269,8
5270,5270,6
5271,5271,14
5272,5272,15
5273,5273,8
5274,5274,1
5275,5275,7
5276,5276,14
5277,5277,8
5278,5278,6
5279,5279,5
5280,5280,9
5281,5281,3
5282,5282,1
5283,5283,19
5284,5284,15
5285,5285,3
5286,5286,14
5287,5287,17
5288,5288,17
5289,5289,8
5290,5290,2
5291,5291,8
5292,5292,8
5293,5293,2
5294,5294,10
5295,5295,14
5296,5296,14
5297,5297,9
5298,5298,6
5299,5299,0
5300,5300,0
5301,5301,5
5302,5302,11
5303,5303,10
5304,5304,14
5305,5305,16
5306,5306,13
5307,5307,7
5308,5308,8
5309,5309,10
5310,5310,5
5311,5311,13
5312,5312,9
5313,5313,17
5314,5314,9
5315,5315,1
5316,5316,12
5317,5317,10
5318,5318,8
5319,5319,11
5320,5320,14
5321,5321,13
5322,5322,17
5323,5323,12
5324,5324,14
5325,5325,10
5326,5326,15
5327,5327,10
5328,5328,3
5329,5329,19
5330,5330,13
5331,5331,6
5332,5332,3
5333,5333,16
5334,5334,14
5335,5335,10
5336,5336,3
5337,5337,6
5338,5338,17
5339,5339,2
5340,5340,11
5341,5341,8
5342,5342,9
5343,5343,0
5344,5344,13
5345,5345,6
5346,5346,12
5347,5347,18
5348,5348,19
5349,5349,6
5350,5350,5
5351,5351,18
5352,5352,6
5353,5353,15
5354,5354,15
5355,5355,8
5356,5356,17
5357,5357,0
5358,5358,12
5359,5359,0
5360,5360,7
5361,5361,17
5362,5362,6
5363,5363,18
5364,5364,17
5365,5365,12
5366,5366,12
5367,5367,0
5368,5368,11
5369,5369,3
5370,5370,10
5371,5371,12
5372,5372,5
5373,5373,1
5374,5374,6
5375,5375,4
5376,5376,14
5377,5377,17
5378,5378,2
5379,5379,6
5380,5380,16
5381,5381,18
5382,5382,6
5383,5383,2
5384,5384,5
5385,5385,18
5386,5386,11
5387,5387,15
5388,5388,12
5389,5389,16
5390,5390,16
5391,5391,5
5392,5392,11
5393,5393,15
5394,5394,6
5395,5395,0
5396,5396,19
5397,5397,0
5398,5398,12
5399,5399,0
5400,5400,12
5401,5401,8
5402,5402,2
5403,5403,1
5404,5404,4
5405,5405,10
5406,5406,18
5407,5407,16
5408,5408,2
5409,5409,10
5410,5410,15
5411,5411,19
5412,5412,0
5413,5413,9
5414,5414,14
5415,5415,4
5416,5416,2
5417,5417,6
5418,5418,1
5419,5419,5
5420,5420,10
5421,5421,18
5422,5422,2
5423,5423,5
5424,5424,3
5425,5425,12
5426,5426,14
5427,5427,0
5428,5428,16
5429,5429,0
5430,5430,3
5431,5431,11
5432,5432,0
5433,5433,6
5434,5434,3
5435,5435,5
5436,5436,2
5437,5437,12
5438,5438,16
5439,5439,6
5440,5440,5
5441,5441,10
5442,5442,3
5443,5443,16
5444,5444,5
5445,5445,1
5446,5446,19
5447,5447,6
5448,5448,2
5449,5449,3
5450,5450,18
5451,5451,13
5452,5452,17
5453,5453,11
5454,5454,4
5455,5455,7
5456,5456,11
5457,5457,12
5458,5458,12
5459,5459,3
5460,5460,17
5461,5461,10
5462,5462,2
5463,5463,19
5464,5464,9
5465,5465,17
5466,5466,16
5467,5467,12
5468,5468,15
5469,5469,14
5470,5470,3
5471,5471,12
5472,5472,5
5473,5473,12
5474,5474,17
5475,5475,7
5476,5476,14
5477,5477,11
5478,5478,4
5479,5479,12
5480,5480,12
5481,5481,5
5482,5482,15
5483,5483,11
5484,5484,17
5485,5485,16
5486,5486,12
5487,5487,6
5488,5488,6
5489,5489,4
5490,5490,6
5491,5491,4
5492,5492,7
5493,5493,3
5494,5494,8
5495,5495,16
5496,5496,0
5497,5497,3
5498,5498,2
5499,5499,11
5500,5500,11
5501,5501,2
5502,5502,8
5503,5503,0
5504,5504,2
5505,5505,14
5506,5506,3
5507,5507,0
5508,5508,11
5509,5509,3
5510,5510,15
5511,5511,11
5512,5512,12
5513,5513,12
5514,5514,18
5515,5515,6
5516,5516,12
5517,5517,8
5518,5518,1
5519,5519,2
5520,5520,3
5521,5521,17
5522,5522,18
5523,5523,15
5524,5524,10
5525,5525,15
5526,5526,16
5527,5527,18
5528,5528,5
5529,5529,11
5530,5530,18
5531,5531,0
5532,5532,3
5533,5533,0
5534,5534,18
5535,5535,3
5536,5536,2
5537,5537,4
5538,5538,7
5539,5539,13
5540,5540,5
5541,5541,5
5542,5542,6
5543,5543,13
5544,5544,0
5545,5545,16
5546,5546,7
5547,5547,16
5548,5548,12
5549,5549,5
5550,5550,1
5551,5551,5
5552,5552,4
5553,5553,4
5554,5554,15
5555,5555,10
5556,5556,10
5557,5557,9
5558,5558,15
5559,5559,6
5560,5560,16
5561,5561,2
5562,5562,4
5563,5563,10
5564,5564,3
5565,5565,16
5566,5566,7
5567,5567,4
5568,5568,8
5569,5569,4
5570,5570,4
5571,5571,10
5572,5572,16
5573,5573,9
5574,5574,15
5575,5575,1
5576,5576,9
5577,5577,11
5578,5578,15
5579,5579,5
5580,5580,8
5581,5581,8
5582,5582,7
5583,5583,1
5584,5584,0
5585,5585,18
5586,5586,19
5587,5587,1
5588,5588,19
5589,5589,14
5590,5590,8
5591,5591,7
5592,5592,12
5593,5593,19
5594,5594,10
5595,5595,6
5596,5596,5
5597,5597,15
5598,5598,0
5599,5599,3
5600,5600,13
5601,5601,5
5602,5602,0
5603,5603,15
5604,5604,19
5605,5605,9
5606,5606,18
5607,5607,14
5608,5608,13
5609,5609,2
5610,5610,2
5611,5611,12
5612,5612,11
5613,5613,2
5614,5614,3
5615,5615,15
5616,5616,1
5617,5617,11
5618,5618,11
5619,5619,6
5620,5620,1
5621,5621,7
5622,5622,5
5623,5623,4
5624,5624,18
5625,5625,2
5626,5626,8
5627,5627,9
5628,5628,12
5629,5629,16
5630,5630,9
5631,5631,6
5632,5632,12
5633,5633,8
5634,5634,16
5635,5635,16
5636,5636,8
5637,5637,6
5638,5638,3
5639,5639,19
5640,5640,16
5641,5641,13
5642,5642,18
5643,5643,15
5644,5644,7
5645,5645,16
5646,5646,9
5647,5647,11
5648,5648,12
5649,5649,18
5650,5650,3
5651,5651,8
5652,5652,12
5653,5653,3
5654,5654,17
5655,5655,16
5656,5656,2
5657,5657,17
5658,5658,17
5659,5659,6
5660,5660,6
5661,5661,14
5662,5662,17
5663,5663,18
5664,5664,13
5665,5665,18
5666,5666,6
5667,5667,18
5668,5668,9
5669,5669,2
5670,5670,19
5671,5671,19
5672,5672,2
5673,5673,2
5674,5674,14
5675,5675,12
5676,5676,17
5677,5677,14
5678,5678,6
5679,5679,15
5680,5680,15
5681,5681,11
5682,5682,10
5683,5683,11
5684,5684,16
5685,5685,15
5686,5686,9
5687,5687,1
5688,5688,5
5689,5689,1
5690,5690,10
5691,5691,10
5692,5692,6
5693,5693,19
5694,5694,5
5695,5695,9
5696,5696,7
5697,5697,4
5698,5698,0
5699,5699,2
5700,5700,2
5701,5701,15
5702,5702,8
5703,5703,7
5704,5704,12
5705,5705,9
5706,5706,1
5707,5707,12
5708,5708,7
5709,5709,18
5710,5710,1
5711,5711,0
5712,5712,17
5713,5713,18
5714,5714,14
5715,5715,2
5716,5716,19
5717,5717,7
5718,5718,8
5719,5719,10
5720,5720,8
5721,5721,5
5722,5722,18
5723,5723,10
5724,5724,1
5725,5725,2
5726,5726,8
5727,5727,12
5728,5728,10
5729,5729,13
5730,5730,17
5731,5731,17
5732,5732,14
5733,5733,4
5734,5734,4
5735,5735,16
5736,5736,2
5737,5737,9
5738,5738,19
5739,5739,2
5740,5740,14
5741,5741,2
5742,5742,7
5743,5743,13
5744,5744,16
5745,5745,15
5746,5746,9
5747,5747,6
5748,5748,13
5749,5749,13
5750,5750,1
5751,5751,7
5752,5752,10
5753,5753,10
5754,5754,9
5755,5755,8
5756,5756,14
5757,5757,6
5758,5758,5
5759,5759,1
5760,5760,1
5761,5761,14
5762,5762,4
5763,5763,2
5764,5764,15
5765,5765,15
5766,5766,8
5767,5767,2
5768,5768,3
5769,5769,15
5770,5770,10
5771,5771,2
5772,5772,1
5773,5773,15
5774,5774,11
5775,5775,10
5776,5776,11
5777,5777,9
5778,5778,9
5779,5779,16
5780,5780,13
5781,5781,2
5782,5782,9
5783,5783,1
5784,5784,13
5785,5785,2
5786,5786,19
5787,5787,3
5788,5788,17
5789,5789,9
5790,5790,12
5791,5791,4
5792,5792,14
5793,5793,13
5794,5794,6
5795,5795,14
5796,5796,3
5797,5797,5
5798,5798,1
5799,5799,1
5800,5800,4
5801,5801,16
5802,5802,7
5803,5803,1
5804,5804,4
5805,5805,16
5806,5806,15
5807,5807,8
5808,5808,11
5809,5809,18
5810,5810,0
5811,5811,5
5812,5812,12
5813,5813,17
5814,5814,10
5815,5815,10
5816,5816,5
5817,5817,14
5818,5818,1
5819,5819,2
5820,5820,14
5821,5821,17
5822,5822,6
5823,5823,14
5824,5824,13
5825,5825,19
5826,5826,17
5827,5827,5
5828,5828,6
5829,5829,10
5830,5830,17
5831,5831,19
5832,5832,15
5833,5833,11
5834,5834,15
5835,5835,2
5836,5836,8
5837,5837,6
5838,5838,11
5839,5839,3
5840,5840,2
5841,5841,6
5842,5842,9
5843,5843,9
5844,5844,6
5845,5845,5
5846,5846,12
5847,5847,11
5848,5848,9
5849,5849,1
5850,5850,7
5851,5851,0
5852,5852,10
5853,5853,18
5854,5854,6
5855,5855,14
5856,5856,1
5857,5857,3
5858,5858,15
5859,5859,13
5860,5860,8
5861,5861,4
5862,5862,1
5863,5863,8
5864,5864,1
5865,5865,15
5866,5866,9
5867,5867,4
5868,5868,3
5869,5869,3
5870,5870,14
5871,5871,7
5872,5872,5
5873,5873,0
5874,5874,11
5875,5875,6
5876,5876,14
5877,5877,8
5878,5878,17
5879,5879,6
5880,5880,18
5881,5881,0
5882,5882,12
5883,5883,13
5884,5884,7
5885,5885,7
5886,5886,13
5887,5887,10
5888,5888,14
5889,5889,15
5890,5890,5
5891,5891,8
5892,5892,5
5893,5893,16
5894,5894,0
5895,5895,1
5896,5896,6
5897,5897,3
5898,5898,6
5899,5899,9
5900,5900,18
5901,5901,17
5902,5902,16
5903,5903,2
5904,5904,11
5905,5905,18
5906,5906,10
5907,5907,2
5908,5908,15
5909,5909,1
5910,5910,15
5911,5911,0
5912,5912,0
5913,5913,4
5914,5914,16
5915,5915,6
5916,5916,0
5917,5917,13
5918,5918,14
5919,5919,9
5920,5920,5
5921,5921,1
5922,5922,19
5923,5923,11
5924,5924,4
5925,5925,9
5926,5926,17
5927,5927,12
5928,5928,9
5929,5929,15
5930,5930,3
5931,5931,13
5932,5932,15
5933,5933,2
5934,5934,3
5935,5935,13
5936,5936,5
5937,5937,9
5938,5938,9
5939,5939,19
5940,5940,1
5941,5941,5
5942,5942,1
5943,5943,10
5944,5944,0
5945,5945,7
5946,5946,6
5947,5947,15
5948,5948,14
5949,5949,8
5950,5950,7
5951,5951,12
5952,5952,3
5953,5953,9
5954,5954,17
5955,5955,4
5956,5956,18
5957,5957,13
5958,5958,7
5959,5959,14
5960,5960,6
5961,5961,0
5962,5962,14
5963,5963,15
5964,5964,5
5965,5965,2
5966,5966,2
5967,5967,7
5968,5968,6
5969,5969,2
5970,5970,14
5971,5971,14
5972,5972,11
5973,5973,18
5974,5974,10
5975,5975,12
5976,5976,8
5977,5977,11
5978,5978,17
5979,5979,9
5980,5980,5
5981,5981,7
5982,5982,11
5983,5983,9
5984,5984,4
5985,5985,9
5986,5986,12
5987,5987,17
5988,5988,11
5989,5989,11
5990,5990,13
5991,5991,6
5992,5992,13
5993,5993,0
5994,5994,0
5995,5995,7
5996,5996,19
5997,5997,11
5998,5998,18
5999,5999,5
6000,6000,2
6001,6001,7
6002,6002,12
6003,6003,11
6004,6004,19
6005,6005,8
6006,6006,17
6007,6007,3
6008,6008,10
6009,6009,1
6010,6010,19
6011,6011,3
6012,6012,2
6013,6013,3
6014,6014,11
6015,6015,3
6016,6016,7
6017,6017,3
6018,6018,7
6019,6019,8
6020,6020,4
6021,6021,4
6022,6022,17
6023,6023,19
6024,6024,17
6025,6025,15
6026,6026,18
6027,6027,5
6028,6028,9
6029,6029,12
6030,6030,3
6031,6031,18
6032,6032,16
6033,6033,19
6034,6034,16
6035,6035,18
6036,6036,11
6037,6037,7
6038,6038,15
6039,6039,6
6040,6040,16
6041,6041,10
6042,6042,13
6043,6043,18
6044,6044,2
6045,6045,10
6046,6046,14
6047,6047,19
6048,6048,2
6049,6049,14
6050,6050,17
6051,6051,11
6052,6052,8
6053,6053,7
6054,6054,12
6055,6055,16
6056,6056,0
6057,6057,19
6058,6058,13
6059,6059,16
6060,6060,18
6061,6061,6
6062,6062,9
6063,6063,14
6064,6064,14
6065,6065,3
6066,6066,13
6067,6067,15
6068,6068,8
6069,6069,11
6070,6070,13
6071,6071,17
6072,6072,2
6073,6073,1
6074,6074,6
6075,6075,0
6076,6076,8
6077,6077,0
6078,6078,6
6079,6079,0
6080,6080,11
6081,6081,9
6082,6082,16
6083,6083,11
6084,6084,6
6085,6085,4
6086,6086,16
6087,6087,19
6088,6088,16
6089,6089,2
6090,6090,18
6091,6091,6
6092,6092,9
6093,6093,13
6094,6094,1
6095,6095,16
6096,6096,7
6097,6097,5
6098,6098,6
6099,6099,1
6100,6100,12
6101,6101,17
6102,6102,6
6103,6103,6
6104,6104,14
6105,6105,3
6106,6106,6
6107,6107,3
6108,6108,5
6109,6109,10
6110,6110,18
6111,6111,0
6112,6112,0
6113,6113,15
6114,6114,2
6115,6115,8
6116,6116,18
6117,6117,15
6118,6118,4
6119,6119,4
6120,6120,15
6121,6121,14
6122,6122,6
6123,6123,0
6124,6124,2
6125,6125,7
6126,6126,13
6127,6127,8
6128,6128,7
6129,6129,2
6130,6130,19
6131,6131,12
6132,6132,17
6133,6133,2
6134,6134,2
6135,6135,18
6136,6136,5
6137,6137,1
6138,6138,17
6139,6139,6
6140,6140,19
6141,6141,10
6142,6142,8
6143,6143,18
6144,6144,18
6145,6145,15
6146,6146,19
6147,6147,15
6148,6148,9
6149,6149,0
6150,6150,13
6151,6151,11
6152,6152,12
6153,6153,4
6154,6154,5
6155,6155,15
6156,6156,3
6157,6157,0
6158,6158,8
6159,6159,11
6160,6160,6
6161,6161,19
6162,6162,15
6163,6163,5
6164,6164,0
6165,6165,2
6166,6166,1
6167,6167,4
6168,6168,5
6169,6169,5
6170,6170,6
6171,6171,14
6172,6172,7
6173,6173,13
6174,6174,9
6175,6175,19
6176,6176,11
6177,6177,0
6178,6178,1
6179,6179,8
6180,6180,3
6181,6181,2
6182,6182,8
6183,6183,4
6184,6184,5
6185,6185,7
6186,6186,9
6187,6187,10
6188,6188,8
6189,6189,6
6190,6190,14
6191,6191,8
6192,6192,2
6193,6193,18
6194,6194,3
6195,6195,15
6196,6196,8
6197,6197,7
6198,6198,11
6199,6199,17
6200,6200,4
6201,6201,3
6202,6202,16
6203,6203,13
6204,6204,9
6205,6205,14
6206,6206,2
6207,6207,7
6208,6208,13
6209,6209,5
6210,6210,15
6211,6211,1
6212,6212,2
6213,6213,11
6214,6214,5
6215,6215,4
6216,6216,17
6217,6217,11
6218,6218,9
6219,6219,15
6220,6220,6
6221,6221,16
6222,6222,5
6223,6223,11
6224,6224,4
6225,6225,5
6226,6226,18
6227,6227,5
6228,6228,15
6229,6229,17
6230,6230,11
6231,6231,5
6232,6232,2
6233,6233,12
6234,6234,17
6235,6235,4
6236,6236,1
6237,6237,10
6238,6238,5
6239,6239,9
6240,6240,4
6241,6241,1
6242,6242,10
6243,6243,9
6244,6244,14
6245,6245,4
6246,6246,12
6247,6247,15
6248,6248,7
6249,6249,4
6250,6250,12
6251,6251,1
6252,6252,17
6253,6253,7
6254,6254,16
6255,6255,9
6256,6256,4
6257,6257,16
6258,6258,18
6259,6259,16
6260,6260,0
6261,6261,6
6262,6262,2
6263,6263,0
6264,6264,3
6265,6265,18
6266,6266,5
6267,6267,17
6268,6268,8
6269,6269,8
6270,6270,7
6271,6271,6
6272,6272,4
6273,6273,8
6274,6274,5
6275,6275,13
6276,6276,14
6277,6277,3
6278,6278,11
6279,6279,16
6280,6280,4
6281,6281,3
6282,6282,15
6283,6283,1
6284,6284,14
6285,6285,8
6286,6286,8
6287,6287,7
6288,6288,17
6289,6289,5
6290,6290,17
6291,6291,10
6292,6292,10
6293,6293,16
6294,6294,2
6295,6295,1
6296,6296,9
6297,6297,18
6298,6298,8
6299,6299,19
6300,6300,2
6301,6301,7
6302,6302,2
6303,6303,16
6304,6304,18
6305,6305,1
6306,6306,12
6307,6307,8
6308,6308,6
6309,6309,16
6310,6310,10
6311,6311,4
6312,6312,19
6313,6313,5
6314,6314,15
6315,6315,8
6316,6316,11
6317,6317,5
6318,6318,11
6319,6319,4
6320,6320,16
6321,6321,0
6322,6322,6
6323,6323,1
6324,6324,8
6325,6325,15
6326,6326,3
6327,6327,16
6328,6328,0
6329,6329,8
6330,6330,12
6331,6331,19
6332,6332,4
6333,6333,5
6334,6334,16
6335,6335,6
6336,6336,9
6337,6337,17
6338,6338,13
6339,6339,8
6340,6340,12
6341,6341,12
6342,6342,2
6343,6343,10
6344,6344,2
6345,6345,4
6346,6346,9
6347,6347,7
6348,6348,8
6349,6349,13
6350,6350,14
6351,6351,8
6352,6352,2
6353,6353,18
6354,6354,3
6355,6355,5
6356,6356,13
6357,6357,10
6358,6358,4
6359,6359,8
6360,6360,12
6361,6361,11
6362,6362,14
6363,6363,19
6364,6364,13
6365,6365,3
6366,6366,7
6367,6367,5
6368,6368,12
6369,6369,15
6370,6370,10
6371,6371,19
6372,6372,7
6373,6373,0
6374,6374,10
6375,6375,16
6376,6376,17
6377,6377,14
6378,6378,18
6379,6379,10
6380,6380,11
6381,6381,13
6382,6382,4
6383,6383,3
6384,6384,5
6385,6385,13
6386,6386,4
6387,6387,14
6388,6388,6
6389,6389,18
6390,6390,11
6391,6391,0
6392,6392,10
6393,6393,7
6394,6394,3
6395,6395,8
6396,6396,16
6397,6397,8
6398,6398,7
6399,6399,4
6400,6400,11
6401,6401,9
6402,6402,15
6403,6403,7
6404,6404,10
6405,6405,13
6406,6406,9
6407,6407,14
6408,6408,8
6409,6409,9
6410,6410,3
6411,6411,6
6412,6412,19
6413,6413,9
6414,6414,7
6415,6415,2
6416,6416,7
6417,6417,7
6418,6418,10
6419,6419,16
6420,6420,3
6421,6421,11
6422,6422,5
6423,6423,9
6424,6424,11
6425,6425,17
6426,6426,15
6427,6427,4
6428,6428,12
6429,6429,12
6430,6430,16
6431,6431,11
6432,6432,7
6433,6433,5
6434,6434,8
6435,6435,5
6436,6436,12
6437,6437,18
6438,6438,13
6439,6439,17
6440,6440,2
6441,6441,16
6442,6442,10
6443,6443,9
6444,6444,9
6445,6445,6
6446,6446,7
6447,6447,12
6448,6448,5
6449,6449,12
6450,6450,10
6451,6451,15
6452,6452,18
6453,6453,1
6454,6454,1
6455,6455,7
6456,6456,10
6457,6457,12
6458,6458,13
6459,6459,13
6460,6460,13
6461,6461,14
6462,6462,7
6463,6463,8
6464,6464,18
6465,6465,7
6466,6466,12
6467,6467,18
6468,6468,8
6469,6469,7
6470,6470,5
6471,6471,17
6472,6472,3
6473,6473,18
6474,6474,7
6475,6475,0
6476,6476,10
6477,6477,7
6478,6478,19
6479,6479,6
6480,6480,17
6481,6481,7
6482,6482,19
6483,6483,8
6484,6484,19
6485,6485,11
6486,6486,0
6487,6487,1
6488,6488,9
6489,6489,14
6490,6490,0
6491,6491,12
6492,6492,6
6493,6493,1
6494,6494,11
6495,6495,13
6496,6496,15
6497,6497,2
6498,6498,13
6499,6499,9
6500,6500,8
6501,6501,13
6502,6502,17
6503,6503,13
6504,6504,6
6505,6505,4
6506,6506,11
6507,6507,17
6508,6508,6
6509,6509,6
6510,6510,15
6511,6511,15
6512,6512,7
6513,6513,4
6514,6514,8
6515,6515,7
6516,6516,12
6517,6517,8
6518,6518,6
6519,6519,11
6520,6520,13
6521,6521,13
6522,6522,5
6523,6523,5
6524,6524,4
6525,6525,16
6526,6526,15
6527,6527,4
6528,6528,8
6529,6529,6
6530,6530,7
6531,6531,1
6532,6532,3
6533,6533,3
6534,6534,17
6535,6535,18
6536,6536,9
6537,6537,16
6538,6538,14
6539,6539,0
6540,6540,1
6541,6541,8
6542,6542,3
6543,6543,18
6544,6544,4
6545,6545,19
6546,6546,14
6547,6547,19
6548,6548,17
6549,6549,12
6550,6550,15
6551,6551,15
6552,6552,7
6553,6553,9
6554,6554,6
6555,6555,1
6556,6556,8
6557,6557,7
6558,6558,4
6559,6559,2
6560,6560,17
6561,6561,12
6562,6562,19
6563,6563,1
6564,6564,5
6565,6565,4
6566,6566,5
6567,6567,0
6568,6568,7
6569,6569,13
6570,6570,8
6571,6571,2
6572,6572,7
6573,6573,15
6574,6574,11
6575,6575,1
6576,6576,12
6577,6577,9
6578,6578,12
6579,6579,6
6580,6580,15
6581,6581,15
6582,6582,5
6583,6583,0
6584,6584,9
6585,6585,3
6586,6586,6
6587,6587,16
6588,6588,7
6589,6589,17
6590,6590,14
6591,6591,10
6592,6592,17
6593,6593,1
6594,6594,6
6595,6595,0
6596,6596,17
6597,6597,10
6598,6598,15
6599,6599,12
6600,6600,5
6601,6601,1
6602,6602,3
6603,6603,16
6604,6604,14
6605,6605,3
6606,6606,8
6607,6607,19
6608,6608,6
6609,6609,6
6610,6610,6
6611,6611,1
6612,6612,10
6613,6613,6
6614,6614,10
6615,6615,14
6616,6616,10
6617,6617,8
6618,6618,1
6619,6619,8
6620,6620,16
6621,6621,6
6622,6622,1
6623,6623,1
6624,6624,13
6625,6625,19
6626,6626,13
6627,6627,7
6628,6628,12
6629,6629,16
6630,6630,6
6631,6631,4
6632,6632,18
6633,6633,6
6634,6634,3
6635,6635,7
6636,6636,7
6637,6637,8
6638,6638,3
6639,6639,5
6640,6640,4
6641,6641,10
6642,6642,11
6643,6643,9
6644,6644,13
6645,6645,18
6646,6646,4
6647,6647,5
6648,6648,14
6649,6649,0
6650,6650,0
6651,6651,1
6652,6652,9
6653,6653,17
6654,6654,10
6655,6655,11
6656,6656,6
6657,6657,10
6658,6658,17
6659,6659,16
6660,6660,0
6661,6661,11
6662,6662,8
6663,6663,1
6664,6664,14
6665,6665,16
6666,6666,0
6667,6667,7
6668,6668,5
6669,6669,12
6670,6670,13
6671,6671,17
6672,6672,9
6673,6673,12
6674,6674,3
6675,6675,17
6676,6676,7
6677,6677,4
6678,6678,2
6679,6679,0
6680,6680,10
6681,6681,8
6682,6682,14
6683,6683,11
6684,6684,10
6685,6685,5
6686,6686,3
6687,6687,19
6688,6688,11
6689,6689,17
6690,6690,19
6691,6691,13
6692,6692,6
6693,6693,7
6694,6694,3
6695,6695,4
6696,6696,8
6697,6697,7
6698,6698,18
6699,6699,13
6700,6700,1
6701,6701,7
6702,6702,9
6703,6703,12
6704,6704,9
6705,6705,9
6706,6706,12
6707,6707,19
6708,6708,2
6709,6709,2
6710,6710,9
6711,6711,18
6712,6712,15
6713,6713,12
6714,6714,10
6715,6715,14
6716,6716,1
6717,6717,8
6718,6718,15
6719,6719,12
6720,6720,8
6721,6721,15
6722,6722,14
6723,6723,10
6724,6724,3
6725,6725,16
6726,6726,1
6727,6727,13
6728,6728,15
6729,6729,15
6730,6730,14
6731,6731,7
6732,6732,2
6733,6733,6
6734,6734,17
6735,6735,0
6736,6736,8
6737,6737,12
6738,6738,8
6739,6739,13
6740,6740,8
6741,6741,14
6742,6742,14
6743,6743,5
6744,6744,2
6745,6745,11
6746,6746,10
6747,6747,6
6748,6748,5
6749,6749,9
6750,6750,5
6751,6751,13
6752,6752,10
6753,6753,17
6754,6754,7
6755,6755,17
6756,6756,9
6757,6757,3
6758,6758,4
6759,6759,3
6760,6760,8
6761,6761,2
6762,6762,10
6763,6763,16
6764,6764,12
6765,6765,19
6766,6766,17
6767,6767,13
6768,6768,2
6769,6769,3
6770,6770,12
6771,6771,10
6772,6772,13
6773,6773,2
6774,6774,9
6775,6775,16
6776,6776,9
6777,6777,11
6778,6778,17
6779,6779,12
6780,6780,11
6781,6781,4
6782,6782,6
6783,6783,8
6784,6784,6
6785,6785,16
6786,6786,15
6787,6787,8
6788,6788,3
6789,6789,6
6790,6790,6
6791,6791,17
6792,6792,17
6793,6793,2
6794,6794,19
6795,6795,15
6796,6796,14
6797,6797,2
6798,6798,12
6799,6799,13
6800,6800,14
6801,6801,7
6802,6802,13
6803,6803,12
6804,6804,3
6805,6805,0
6806,6806,8
6807,6807,12
6808,6808,9
6809,6809,2
6810,6810,11
6811,6811,9
6812,6812,17
6813,6813,7
6814,6814,8
6815,6815,4
6816,6816,17
6817,6817,19
6818,6818,7
6819,6819,2
6820,6820,16
6821,6821,3
6822,6822,4
6823,6823,15
6824,6824,12
6825,6825,6
6826,6826,3
6827,6827,6
6828,6828,7
6829,6829,4
6830,6830,14
6831,6831,16
6832,6832,6
6833,6833,1
6834,6834,6
6835,6835,8
6836,6836,10
6837,6837,3
6838,6838,17
6839,6839,13
6840,6840,17
6841,6841,8
6842,6842,13
6843,6843,12
6844,6844,7
6845,6845,19
6846,6846,15
6847,6847,2
6848,6848,18
6849,6849,18
6850,6850,5
6851,6851,16
6852,6852,2
6853,6853,16
6854,6854,5
6855,6855,18
6856,6856,7
6857,6857,18
6858,6858,16
6859,6859,16
6860,6860,14
6861,6861,11
6862,6862,7
6863,6863,15
6864,6864,5
6865,6865,12
6866,6866,2
6867,6867,16
6868,6868,2
6869,6869,13
6870,6870,1
6871,6871,18
6872,6872,16
6873,6873,0
6874,6874,0
6875,6875,1
6876,6876,6
6877,6877,1
6878,6878,12
6879,6879,7
6880,6880,10
6881,6881,18
6882,6882,11
6883,6883,10
6884,6884,15
6885,6885,11
6886,6886,2
6887,6887,6
6888,6888,14
6889,6889,17
6890,6890,19
6891,6891,9
6892,6892,4
6893,6893,9
6894,6894,15
6895,6895,11
6896,6896,16
6897,6897,17
6898,6898,10
6899,6899,16
6900,6900,15
6901,6901,17
6902,6902,3
6903,6903,7
6904,6904,9
6905,6905,9
6906,6906,9
6907,6907,19
6908,6908,8
6909,6909,17
6910,6910,18
6911,6911,7
6912,6912,14
6913,6913,14
6914,6914,11
6915,6915,5
6916,6916,3
6917,6917,5
6918,6918,17
6919,6919,16
6920,6920,12
6921,6921,15
6922,6922,13
6923,6923,7
6924,6924,8
6925,6925,16
6926,6926,13
6927,6927,12
6928,6928,18
6929,6929,17
6930,6930,2
6931,6931,14
6932,6932,3
6933,6933,19
6934,6934,1
6935,6935,18
6936,6936,16
6937,6937,10
6938,6938,1
6939,6939,2
6940,6940,11
6941,6941,6
6942,6942,18
6943,6943,16
6944,6944,11
6945,6945,6
6946,6946,5
6947,6947,3
6948,6948,13
6949,6949,5
6950,6950,3
6951,6951,7
6952,6952,0
6953,6953,17
6954,6954,15
6955,6955,16
6956,6956,13
6957,6957,16
6958,6958,7
6959,6959,15
6960,6960,16
6961,6961,4
6962,6962,12
6963,6963,0
6964,6964,1
6965,6965,19
6966,6966,13
6967,6967,12
6968,6968,4
6969,6969,7
6970,6970,3
6971,6971,19
6972,6972,4
6973,6973,5
6974,6974,1
6975,6975,1
6976,6976,4
6977,6977,7
6978,6978,4
6979,6979,8
6980,6980,8
6981,6981,9
6982,6982,1
6983,6983,0
6984,6984,14
6985,6985,4
6986,6986,6
6987,6987,2
6988,6988,16
6989,6989,9
6990,6990,10
6991,6991,9
6992,6992,13
6993,6993,15
6994,6994,12
6995,6995,10
6996,6996,13
6997,6997,12
6998,6998,10
6999,6999,2
7000,7000,18
7001,7001,13
7002,7002,17
7003,7003,14
7004,7004,1
7005,7005,6
7006,7006,15
7007,7007,5
7008,7008,7
7009,7009,5
7010,7010,14
7011,7011,1
7012,7012,3
7013,7013,9
7014,7014,13
7015,7015,17
7016,7016,13
7017,7017,16
7018,7018,13
7019,7019,8
7020,7020,2
7021,7021,12
7022,7022,6
7023,7023,3
7024,7024,8
7025,7025,4
7026,7026,10
7027,7027,15
7028,7028,11
7029,7029,7
7030,7030,6
7031,7031,9
7032,7032,11
7033,7033,2
7034,7034,10
7035,7035,7
7036,7036,14
7037,7037,10
7038,7038,9
7039,7039,4
7040,7040,17
7041,7041,2
7042,7042,8
7043,7043,14
7044,7044,11
7045,7045,1
7046,7046,18
7047,7047,18
7048,7048,15
7049,7049,6
7050,7050,10
7051,7051,2
7052,7052,4
7053,7053,5
7054,7054,5
7055,7055,14
7056,7056,16
7057,7057,0
7058,7058,17
7059,7059,12
7060,7060,7
7061,7061,18
7062,7062,13
7063,7063,14
7064,7064,4
7065,7065,5
7066,7066,12
7067,7067,5
7068,7068,1
7069,7069,11
7070,7070,19
7071,7071,2
7072,7072,8
7073,7073,10
7074,7074,19
7075,7075,8
7076,7076,4
7077,7077,13
7078,7078,5
7079,7079,0
7080,7080,13
7081,7081,12
7082,7082,10
7083,7083,13
7084,7084,14
7085,7085,9
7086,7086,13
7087,7087,15
7088,7088,7
7089,7089,9
7090,7090,8
7091,7091,17
7092,7092,8
7093,7093,1
7094,7094,3
7095,7095,7
7096,7096,6
7097,7097,13
7098,7098,10
7099,7099,5
7100,7100,5
7101,7101,17
7102,7102,12
7103,7103,9
7104,7104,4
7105,7105,18
7106,7106,5
7107,7107,13
7108,7108,4
7109,7109,17
7110,7110,17
7111,7111,5
7112,7112,14
7113,7113,1
7114,7114,9
7115,7115,7
7116,7116,1
7117,7117,17
7118,7118,10
7119,7119,8
7120,7120,0
7121,7121,13
7122,7122,15
7123,7123,8
7124,7124,2
7125,7125,8
7126,7126,5
7127,7127,10
7128,7128,9
7129,7129,8
7130,7130,13
7131,7131,14
7132,7132,7
7133,7133,12
7134,7134,2
7135,7135,6
7136,7136,12
7137,7137,9
7138,7138,10
7139,7139,16
7140,7140,1
7141,7141,11
7142,7142,2
7143,7143,8
7144,7144,17
7145,7145,3
7146,7146,1
7147,7147,2
7148,7148,3
7149,7149,10
7150,7150,19
7151,7151,0
7152,7152,1
7153,7153,1
7154,7154,5
7155,7155,13
7156,7156,10
7157,7157,10
7158,7158,13
7159,7159,14
7160,7160,11
7161,7161,12
7162,7162,19
7163,7163,2
7164,7164,2
7165,7165,0
7166,7166,11
7167,7167,12
7168,7168,4
7169,7169,12
7170,7170,12
7171,7171,1
7172,7172,12
7173,7173,14
7174,7174,7
7175,7175,14
7176,7176,1
7177,7177,14
7178,7178,7
7179,7179,19
7180,7180,19
7181,7181,12
7182,7182,1
7183,7183,10
7184,7184,11
7185,7185,18
7186,7186,16
7187,7187,15
7188,7188,19
7189,7189,4
7190,7190,15
7191,7191,5
7192,7192,15
7193,7193,5
7194,7194,6
7195,7195,3
7196,7196,17
7197,7197,11
7198,7198,9
7199,7199,10
7200,7200,9
7201,7201,11
7202,7202,18
7203,7203,11
7204,7204,16
7205,7205,7
7206,7206,9
7207,7207,16
7208,7208,15
7209,7209,16
7210,7210,0
7211,7211,18
7212,7212,8
7213,7213,14
7214,7214,10
7215,7215,9
7216,7216,12
7217,7217,1
7218,7218,18
7219,7219,9
7220,7220,19
7221,7221,8
7222,7222,1
7223,7223,10
7224,7224,19
7225,7225,3
7226,7226,11
7227,7227,15
7228,7228,0
7229,7229,4
7230,7230,13
7231,7231,15
7232,7232,5
7233,7233,3
7234,7234,17
7235,7235,17
7236,7236,17
7237,7237,11
7238,7238,10
7239,7239,14
7240,7240,11
7241,7241,13
7242,7242,7
7243,7243,13
7244,7244,5
7245,7245,9
7246,7246,11
7247,7247,12
7248,7248,0
7249,7249,10
7250,7250,14
7251,7251,5
7252,7252,4
7253,7253,9
7254,7254,9
7255,7255,7
7256,7256,2
7257,7257,9
7258,7258,9
7259,7259,12
7260,7260,10
7261,7261,0
7262,7262,1
7263,7263,19
7264,7264,14
7265,7265,14
7266,7266,12
7267,7267,16
7268,7268,4
7269,7269,19
7270,7270,6
7271,7271,5
7272,7272,15
7273,7273,2
7274,7274,16
7275,7275,3
7276,7276,4
7277,7277,6
7278,7278,3
7279,7279,10
7280,7280,13
7281,7281,2
7282,7282,1
7283,7283,17
7284,7284,3
7285,7285,11
7286,7286,1
7287,7287,7
7288,7288,17
7289,7289,7
7290,7290,8
7291,7291,3
7292,7292,9
7293,7293,18
7294,7294,15
7295,7295,3
7296,7296,10
7297,7297,18
7298,7298,11
7299,7299,6
7300,7300,17
7301,7301,14
7302,7302,4
7303,7303,8
7304,7304,5
7305,7305,9
7306,7306,9
7307,7307,19
7308,7308,6
7309,7309,17
7310,7310,7
7311,7311,15
7312,7312,8
7313,7313,2
7314,7314,8
7315,7315,2
7316,7316,5
7317,7317,11
7318,7318,7
7319,7319,0
7320,7320,8
7321,7321,18
7322,7322,12
7323,7323,10
7324,7324,11
7325,7325,16
7326,7326,15
7327,7327,10
7328,7328,3
7329,7329,9
7330,7330,13
7331,7331,14
7332,7332,2
7333,7333,13
7334,7334,9
7335,7335,16
7336,7336,16
7337,7337,1
7338,7338,4
7339,7339,17
7340,7340,15
7341,7341,11
7342,7342,2
7343,7343,7
7344,7344,19
7345,7345,6
7346,7346,6
7347,7347,18
7348,7348,10
7349,7349,2
7350,7350,17
7351,7351,11
7352,7352,8
7353,7353,10
7354,7354,10
7355,7355,9
7356,7356,5
7357,7357,11
7358,7358,16
7359,7359,7
7360,7360,17
7361,7361,12
7362,7362,11
7363,7363,14
7364,7364,0
7365,7365,7
7366,7366,2
7367,7367,16
7368,7368,16
7369,7369,6
7370,7370,14
7371,7371,14
7372,7372,3
7373,7373,9
7374,7374,15
7375,7375,9
7376,7376,6
7377,7377,14
7378,7378,13
7379,7379,8
7380,7380,11
7381,7381,16
7382,7382,4
7383,7383,16
7384,7384,5
7385,7385,4
7386,7386,9
7387,7387,15
7388,7388,6
7389,7389,0
7390,7390,4
7391,7391,6
7392,7392,2
7393,7393,16
7394,7394,9
7395,7395,9
7396,7396,17
7397,7397,18
7398,7398,9
7399,7399,9
7400,7400,12
7401,7401,7
7402,7402,5
7403,7403,12
7404,7404,19
7405,7405,12
7406,7406,14
7407,7407,9
7408,7408,19
7409,7409,11
7410,7410,12
7411,7411,7
7412,7412,17
7413,7413,18
7414,7414,11
7415,7415,2
7416,7416,11
7417,7417,16
7418,7418,14
7419,7419,9
7420,7420,8
7421,7421,18
7422,7422,18
7423,7423,6
7424,7424,10
7425,7425,0
7426,7426,12
7427,7427,19
7428,7428,16
7429,7429,17
7430,7430,14
7431,7431,11
7432,7432,7
7433,7433,1
7434,7434,8
7435,7435,9
7436,7436,9
7437,7437,7
7438,7438,2
7439,7439,10
7440,7440,14
7441,7441,3
7442,7442,13
7443,7443,1
7444,7444,11
7445,7445,12
7446,7446,6
7447,7447,9
7448,7448,6
7449,7449,11
7450,7450,17
7451,7451,9
7452,7452,1
7453,7453,19
7454,7454,6
7455,7455,17
7456,7456,0
7457,7457,14
7458,7458,16
7459,7459,17
7460,7460,1
7461,7461,3
7462,7462,4
7463,7463,1
7464,7464,15
7465,7465,6
7466,7466,11
7467,7467,3
7468,7468,17
7469,7469,9
7470,7470,1
7471,7471,8
7472,7472,11
7473,7473,6
7474,7474,17
7475,7475,14
7476,7476,4
7477,7477,7
7478,7478,6
7479,7479,6
7480,7480,3
7481,7481,10
7482,7482,6
7483,7483,0
7484,7484,9
7485,7485,16
7486,7486,10
7487,7487,9
7488,7488,1
7489,7489,13
7490,7490,11
7491,7491,18
7492,7492,0
7493,7493,8
7494,7494,5
7495,7495,6
7496,7496,14
7497,7497,15
7498,7498,2
7499,7499,3
7500,7500,10
7501,7501,7
7502,7502,6
7503,7503,17
7504,7504,16
7505,7505,0
7506,7506,3
7507,7507,12
7508,7508,6
7509,7509,18
7510,7510,12
7511,7511,18
7512,7512,7
7513,7513,2
7514,7514,2
7515,7515,18
7516,7516,4
7517,7517,16
7518,7518,11
7519,7519,12
7520,7520,13
7521,7521,4
7522,7522,13
7523,7523,3
7524,7524,18
7525,7525,17
7526,7526,7
7527,7527,14
7528,7528,4
7529,7529,9
7530,7530,6
7531,7531,15
